{
    "personal_details": {
        "first_name": "13M5YGsG9Q",
        "last_name": "xthXeVmkux",
        "age": 74,
        "marital_status": "Divorced",
        "spouse_name": null,
        "children": [],
        "important_dates": {
            "birthdays": [
                "6/16/1985"
            ],
            "anniversary": null
        },
        "hobbies": [
            "in81absjBM",
            "THkrIKwm5P",
            "nUcKGW1gDD",
            "rQU4ym8qtl"
        ],
        "passion_projects": [
            "PH09aYd8hz"
        ]
    },
    "financial_details": {
        "net_worth": 1652766,
        "assets": {
            "real_estate": [
                {
                    "type": "Primary Residence",
                    "value": 1726627,
                    "mortgage_balance": 128412
                }
            ],
            "investments": {
                "stocks": 372862,
                "bonds": 212803,
                "mutual_funds": 253861
            },
            "savings": 180653,
            "business_interests": [
                {
                    "name": "z9Q1TVjiBx",
                    "value": 436337
                }
            ],
            "collectibles": [
                {
                    "type": "Art",
                    "value": 16511
                }
            ]
        },
        "liabilities": {
            "total_liabilities": 72924,
            "details": [
                {
                    "type": "Car Loan",
                    "balance": 28850
                }
            ]
        },
        "income": {
            "primary_income": 162829,
            "rental_income": 13749,
            "dividends": 3708,
            "total_income": 201036
        },
        "expenses": {
            "monthly_living_expenses": 2105,
            "discretionary_spending": 3354,
            "upcoming_major_expenses": [
                {
                    "type": "College Tuition",
                    "amount": 40868,
                    "due_date": "12/13/2028"
                }
            ]
        }
    },
    "investment_preferences": {
        "risk_tolerance": "Low",
        "portfolio_objectives": "Income Generation",
        "ethical_preferences": [
            "ESG Investing"
        ],
        "experience": "6 years in stocks"
    },
    "tax_and_estate_planning": {
        "tax_bracket": "13%",
        "strategies": [
            "Charitable Contributions"
        ],
        "estate_plan": {
            "wills": true,
            "trusts": [
                "Family Trust"
            ],
            "charitable_goals": [
                {
                    "organization": "FYYqm5yUjD",
                    "goal": "Leave $79425 as a bequest"
                }
            ]
        }
    },
    "short_and_long_term_goals": {
        "short_term": [
            "Save $16709 for a vacation"
        ],
        "long_term": [
            "Retire at 60 with $106156 annual income"
        ]
    },
    "communication_preferences": {
        "meeting_frequency": "Monthly",
        "preferred_style": "High-level Summaries",
        "preferred_mediums": [
            "Phone"
        ]
    },
    "feedback_and_concerns": {
        "portfolio_performance": "Concerned about returns",
        "market_concerns": "Inflation",
        "life_changes": "Retirement"
    },
    "meeting_notes": [
        {
            "date": "7/15/2027",
            "summary": [
                "DbzXRTtc3v"
            ]
        }
    ]
}