{
    "personal_details": {
        "first_name": "ePKZWmrJ85",
        "last_name": "bKgzDSsLz1",
        "age": 40,
        "marital_status": "Married",
        "spouse_name": null,
        "children": [],
        "important_dates": {
            "birthdays": [
                "3/17/1983"
            ],
            "anniversary": null
        },
        "hobbies": [
            "UpJB2lp1Py"
        ],
        "passion_projects": [
            "gnIqtbGtNQ",
            "9T96VIgwIP"
        ]
    },
    "financial_details": {
        "net_worth": 3271278,
        "assets": {
            "real_estate": [
                {
                    "type": "Rental Property",
                    "value": 450461,
                    "mortgage_balance": 491831
                }
            ],
            "investments": {
                "stocks": 121502,
                "bonds": 293684,
                "mutual_funds": 336734
            },
            "savings": 186782,
            "business_interests": [
                {
                    "name": "NL6NXTR4Im",
                    "value": 246910
                }
            ],
            "collectibles": [
                {
                    "type": "Photography Equipment",
                    "value": 17178
                }
            ]
        },
        "liabilities": {
            "total_liabilities": 83022,
            "details": [
                {
                    "type": "Mortgage",
                    "balance": 6611
                }
            ]
        },
        "income": {
            "primary_income": 110973,
            "rental_income": 49231,
            "dividends": 7387,
            "total_income": 77230
        },
        "expenses": {
            "monthly_living_expenses": 7618,
            "discretionary_spending": 2593,
            "upcoming_major_expenses": [
                {
                    "type": "College Tuition",
                    "amount": 26582,
                    "due_date": "1/4/2027"
                }
            ]
        }
    },
    "investment_preferences": {
        "risk_tolerance": "High",
        "portfolio_objectives": "Growth",
        "ethical_preferences": [
            "Sustainable Investing"
        ],
        "experience": "4 years in stocks"
    },
    "tax_and_estate_planning": {
        "tax_bracket": "19%",
        "strategies": [
            "Charitable Contributions"
        ],
        "estate_plan": {
            "wills": false,
            "trusts": [
                "Family Trust"
            ],
            "charitable_goals": [
                {
                    "organization": "9vQvT12RRX",
                    "goal": "Leave $16264 as a bequest"
                }
            ]
        }
    },
    "short_and_long_term_goals": {
        "short_term": [
            "Save $6238 for a vacation"
        ],
        "long_term": [
            "Retire at 60 with $101371 annual income"
        ]
    },
    "communication_preferences": {
        "meeting_frequency": "Annually",
        "preferred_style": "High-level Summaries",
        "preferred_mediums": [
            "Phone"
        ]
    },
    "feedback_and_concerns": {
        "portfolio_performance": "Satisfied",
        "market_concerns": "Interest Rates",
        "life_changes": "Marriage"
    },
    "meeting_notes": [
        {
            "date": "4/3/2025",
            "summary": [
                "sdQumMsRME"
            ]
        }
    ]
}