{
    "personal_details": {
        "first_name": "ixFJEcYQ8m",
        "last_name": "eY3L7UVWGA",
        "age": 64,
        "marital_status": "Single",
        "spouse_name": null,
        "children": [
            {
                "name": "y4AGxNqSOG",
                "age": 7
            },
            {
                "name": "vtEagT7nhx",
                "age": 11
            },
            {
                "name": "I7gXEKsPar",
                "age": 6
            }
        ],
        "important_dates": {
            "birthdays": [
                "9/16/1982"
            ],
            "anniversary": null
        },
        "hobbies": [
            "GkAfHsgZlV"
        ],
        "passion_projects": [
            "XYIkR5vIRs",
            "rTiviopRgL"
        ]
    },
    "financial_details": {
        "net_worth": 1962265,
        "assets": {
            "real_estate": [
                {
                    "type": "Rental Property",
                    "value": 1164719,
                    "mortgage_balance": 370274
                }
            ],
            "investments": {
                "stocks": 68143,
                "bonds": 83280,
                "mutual_funds": 235371
            },
            "savings": 185635,
            "business_interests": [
                {
                    "name": "9n9LdO3NFF",
                    "value": 695962
                }
            ],
            "collectibles": [
                {
                    "type": "Art",
                    "value": 25313
                }
            ]
        },
        "liabilities": {
            "total_liabilities": 403370,
            "details": [
                {
                    "type": "Car Loan",
                    "balance": 3192
                }
            ]
        },
        "income": {
            "primary_income": 134442,
            "rental_income": 22011,
            "dividends": 9278,
            "total_income": 248652
        },
        "expenses": {
            "monthly_living_expenses": 5278,
            "discretionary_spending": 3180,
            "upcoming_major_expenses": [
                {
                    "type": "College Tuition",
                    "amount": 44043,
                    "due_date": "5/16/2025"
                }
            ]
        }
    },
    "investment_preferences": {
        "risk_tolerance": "Low",
        "portfolio_objectives": "Income Generation",
        "ethical_preferences": [
            "Sustainable Investing"
        ],
        "experience": "1 years in stocks"
    },
    "tax_and_estate_planning": {
        "tax_bracket": "28%",
        "strategies": [
            "Charitable Contributions"
        ],
        "estate_plan": {
            "wills": false,
            "trusts": [
                "Family Trust"
            ],
            "charitable_goals": [
                {
                    "organization": "zEiqzONiEr",
                    "goal": "Leave $12718 as a bequest"
                }
            ]
        }
    },
    "short_and_long_term_goals": {
        "short_term": [
            "Save $18080 for a vacation"
        ],
        "long_term": [
            "Retire at 60 with $110184 annual income"
        ]
    },
    "communication_preferences": {
        "meeting_frequency": "Monthly",
        "preferred_style": "Detailed Analysis",
        "preferred_mediums": [
            "Email"
        ]
    },
    "feedback_and_concerns": {
        "portfolio_performance": "Satisfied",
        "market_concerns": "Recession",
        "life_changes": "Marriage"
    },
    "meeting_notes": [
        {
            "date": "9/11/2028",
            "summary": [
                "PYEkOGX0Cr"
            ]
        }
    ]
}