{
    "personal_details": {
        "first_name": "b4v72lUsVV",
        "last_name": "E7N49Ul6ZM",
        "age": 74,
        "marital_status": "Married",
        "spouse_name": "MaPSpbMR17",
        "children": [
            {
                "name": "PmtRAiACNO",
                "age": 9
            },
            {
                "name": "6OOFMIxrno",
                "age": 13
            },
            {
                "name": "k31fPP6TNt",
                "age": 2
            }
        ],
        "important_dates": {
            "birthdays": [
                "4/4/1986"
            ],
            "anniversary": "8/9/2009"
        },
        "hobbies": [
            "YEc7krM9d5",
            "dNtuLbD07r",
            "7hWxDnEJKI",
            "y4OdQWP7Nl"
        ],
        "passion_projects": [
            "YIVYPeBMv7"
        ]
    },
    "financial_details": {
        "net_worth": 4198698,
        "assets": {
            "real_estate": [
                {
                    "type": "Vacation Home",
                    "value": 900558,
                    "mortgage_balance": 192497
                }
            ],
            "investments": {
                "stocks": 390593,
                "bonds": 105161,
                "mutual_funds": 312003
            },
            "savings": 158627,
            "business_interests": [
                {
                    "name": "5yxR3nvEwC",
                    "value": 149753
                }
            ],
            "collectibles": [
                {
                    "type": "Art",
                    "value": 34971
                }
            ]
        },
        "liabilities": {
            "total_liabilities": 36958,
            "details": [
                {
                    "type": "Mortgage",
                    "balance": 90080
                }
            ]
        },
        "income": {
            "primary_income": 54165,
            "rental_income": 6593,
            "dividends": 3632,
            "total_income": 251619
        },
        "expenses": {
            "monthly_living_expenses": 4635,
            "discretionary_spending": 3125,
            "upcoming_major_expenses": [
                {
                    "type": "College Tuition",
                    "amount": 41177,
                    "due_date": "7/15/2025"
                }
            ]
        }
    },
    "investment_preferences": {
        "risk_tolerance": "Moderate",
        "portfolio_objectives": "Income Generation",
        "ethical_preferences": [
            "Sustainable Investing"
        ],
        "experience": "7 years in stocks"
    },
    "tax_and_estate_planning": {
        "tax_bracket": "24%",
        "strategies": [
            "Charitable Contributions"
        ],
        "estate_plan": {
            "wills": false,
            "trusts": [
                "Charitable Trust"
            ],
            "charitable_goals": [
                {
                    "organization": "zUoxs92ZC0",
                    "goal": "Leave $58998 as a bequest"
                }
            ]
        }
    },
    "short_and_long_term_goals": {
        "short_term": [
            "Save $19024 for a vacation"
        ],
        "long_term": [
            "Retire at 60 with $109893 annual income"
        ]
    },
    "communication_preferences": {
        "meeting_frequency": "Monthly",
        "preferred_style": "High-level Summaries",
        "preferred_mediums": [
            "Email"
        ]
    },
    "feedback_and_concerns": {
        "portfolio_performance": "Concerned about returns",
        "market_concerns": "Interest Rates",
        "life_changes": "Marriage"
    },
    "meeting_notes": [
        {
            "date": "4/4/2028",
            "summary": [
                "rOaB0MSGHM"
            ]
        }
    ]
}