{
    "personal_details": {
        "first_name": "AyTRHeKMnh",
        "last_name": "ZC1bbNxjuE",
        "age": 67,
        "marital_status": "Divorced",
        "spouse_name": "WNVXLzssSb",
        "children": [
            {
                "name": "QceT0u5mg5",
                "age": 2
            },
            {
                "name": "4kobhGbI4s",
                "age": 2
            },
            {
                "name": "5808V6n7ZZ",
                "age": 8
            }
        ],
        "important_dates": {
            "birthdays": [
                "4/10/1982"
            ],
            "anniversary": null
        },
        "hobbies": [
            "Bv3rNnejw3",
            "FliAcRWHfS"
        ],
        "passion_projects": [
            "eapOvJ5ACX",
            "409zEPfsfk",
            "ock9kQKiJB"
        ]
    },
    "financial_details": {
        "net_worth": 1634084,
        "assets": {
            "real_estate": [
                {
                    "type": "Rental Property",
                    "value": 1801266,
                    "mortgage_balance": 769303
                }
            ],
            "investments": {
                "stocks": 121850,
                "bonds": 93439,
                "mutual_funds": 59821
            },
            "savings": 135333,
            "business_interests": [
                {
                    "name": "x9JI9DOaXh",
                    "value": 833496
                }
            ],
            "collectibles": [
                {
                    "type": "Photography Equipment",
                    "value": 38465
                }
            ]
        },
        "liabilities": {
            "total_liabilities": 44812,
            "details": [
                {
                    "type": "Car Loan",
                    "balance": 32544
                }
            ]
        },
        "income": {
            "primary_income": 164698,
            "rental_income": 20206,
            "dividends": 16566,
            "total_income": 87391
        },
        "expenses": {
            "monthly_living_expenses": 6540,
            "discretionary_spending": 3189,
            "upcoming_major_expenses": [
                {
                    "type": "College Tuition",
                    "amount": 33573,
                    "due_date": "9/3/2027"
                }
            ]
        }
    },
    "investment_preferences": {
        "risk_tolerance": "Low",
        "portfolio_objectives": "Growth",
        "ethical_preferences": [
            "ESG Investing"
        ],
        "experience": "13 years in stocks"
    },
    "tax_and_estate_planning": {
        "tax_bracket": "29%",
        "strategies": [
            "Charitable Contributions"
        ],
        "estate_plan": {
            "wills": true,
            "trusts": [
                "Charitable Trust"
            ],
            "charitable_goals": [
                {
                    "organization": "Q7n4LWJYUD",
                    "goal": "Leave $98339 as a bequest"
                }
            ]
        }
    },
    "short_and_long_term_goals": {
        "short_term": [
            "Save $9404 for a vacation"
        ],
        "long_term": [
            "Retire at 60 with $158657 annual income"
        ]
    },
    "communication_preferences": {
        "meeting_frequency": "Annually",
        "preferred_style": "Detailed Analysis",
        "preferred_mediums": [
            "In-person"
        ]
    },
    "feedback_and_concerns": {
        "portfolio_performance": "Concerned about returns",
        "market_concerns": "Recession",
        "life_changes": "New Job"
    },
    "meeting_notes": [
        {
            "date": "12/19/2028",
            "summary": [
                "vJNdwZ8CGu"
            ]
        }
    ]
}