{
    "personal_details": {
        "first_name": "y4WtuNJZqr",
        "last_name": "WKjY5srMb4",
        "age": 50,
        "marital_status": "Married",
        "spouse_name": "guspQ66OJC",
        "children": [
            {
                "name": "MAhBrhw45a",
                "age": 18
            },
            {
                "name": "tSRNey8EL2",
                "age": 12
            }
        ],
        "important_dates": {
            "birthdays": [
                "6/24/1988"
            ],
            "anniversary": "10/7/2001"
        },
        "hobbies": [
            "KzZ1YVFH6m",
            "xmtZRHy5Ur",
            "mmCZexuHV6",
            "gBPHxzI2ro"
        ],
        "passion_projects": [
            "nZuPodXBDT",
            "IWi8eTX22d",
            "CJFRo4nO2Z"
        ]
    },
    "financial_details": {
        "net_worth": 2628342,
        "assets": {
            "real_estate": [
                {
                    "type": "Primary Residence",
                    "value": 1044747,
                    "mortgage_balance": 925621
                }
            ],
            "investments": {
                "stocks": 96050,
                "bonds": 271800,
                "mutual_funds": 185967
            },
            "savings": 13435,
            "business_interests": [
                {
                    "name": "aoL7h08IS4",
                    "value": 206779
                }
            ],
            "collectibles": [
                {
                    "type": "Art",
                    "value": 23310
                }
            ]
        },
        "liabilities": {
            "total_liabilities": 462271,
            "details": [
                {
                    "type": "Student Loan",
                    "balance": 67442
                }
            ]
        },
        "income": {
            "primary_income": 30138,
            "rental_income": 6660,
            "dividends": 4843,
            "total_income": 187940
        },
        "expenses": {
            "monthly_living_expenses": 7237,
            "discretionary_spending": 1722,
            "upcoming_major_expenses": [
                {
                    "type": "College Tuition",
                    "amount": 38042,
                    "due_date": "5/19/2025"
                }
            ]
        }
    },
    "investment_preferences": {
        "risk_tolerance": "Moderate",
        "portfolio_objectives": "Income Generation",
        "ethical_preferences": [
            "Sustainable Investing"
        ],
        "experience": "8 years in stocks"
    },
    "tax_and_estate_planning": {
        "tax_bracket": "22%",
        "strategies": [
            "Charitable Contributions"
        ],
        "estate_plan": {
            "wills": true,
            "trusts": [
                "Charitable Trust"
            ],
            "charitable_goals": [
                {
                    "organization": "RpPrNx3f7q",
                    "goal": "Leave $15769 as a bequest"
                }
            ]
        }
    },
    "short_and_long_term_goals": {
        "short_term": [
            "Save $9383 for a vacation"
        ],
        "long_term": [
            "Retire at 60 with $189538 annual income"
        ]
    },
    "communication_preferences": {
        "meeting_frequency": "Quarterly",
        "preferred_style": "Detailed Analysis",
        "preferred_mediums": [
            "Phone"
        ]
    },
    "feedback_and_concerns": {
        "portfolio_performance": "Satisfied",
        "market_concerns": "Recession",
        "life_changes": "Retirement"
    },
    "meeting_notes": [
        {
            "date": "10/23/2024",
            "summary": [
                "RoE59fhylB"
            ]
        }
    ]
}