{
    "personal_details": {
        "first_name": "14NXixC5NF",
        "last_name": "p2OPZl8EDS",
        "age": 41,
        "marital_status": "Divorced",
        "spouse_name": null,
        "children": [
            {
                "name": "d6pnalmd1n",
                "age": 1
            },
            {
                "name": "q0ztLrXj4B",
                "age": 16
            },
            {
                "name": "bsNAS9RdKG",
                "age": 17
            }
        ],
        "important_dates": {
            "birthdays": [
                "1/20/1988"
            ],
            "anniversary": "10/3/2005"
        },
        "hobbies": [
            "xNmxAzwpj4",
            "YRIaPhgrbG",
            "LFLiTUfGNs",
            "ermpXS8Ete",
            "Zj0KSUTcZq"
        ],
        "passion_projects": [
            "YRxkSBIDam",
            "XSQhd4BIaB"
        ]
    },
    "financial_details": {
        "net_worth": 760566,
        "assets": {
            "real_estate": [
                {
                    "type": "Rental Property",
                    "value": 391481,
                    "mortgage_balance": 92212
                }
            ],
            "investments": {
                "stocks": 210201,
                "bonds": 182965,
                "mutual_funds": 96394
            },
            "savings": 174897,
            "business_interests": [
                {
                    "name": "DoZnxqXUHo",
                    "value": 686526
                }
            ],
            "collectibles": [
                {
                    "type": "Art",
                    "value": 37240
                }
            ]
        },
        "liabilities": {
            "total_liabilities": 197656,
            "details": [
                {
                    "type": "Car Loan",
                    "balance": 86863
                }
            ]
        },
        "income": {
            "primary_income": 77065,
            "rental_income": 29261,
            "dividends": 6078,
            "total_income": 139070
        },
        "expenses": {
            "monthly_living_expenses": 1392,
            "discretionary_spending": 4554,
            "upcoming_major_expenses": [
                {
                    "type": "College Tuition",
                    "amount": 43384,
                    "due_date": "9/5/2026"
                }
            ]
        }
    },
    "investment_preferences": {
        "risk_tolerance": "High",
        "portfolio_objectives": "Income Generation",
        "ethical_preferences": [
            "Sustainable Investing"
        ],
        "experience": "4 years in stocks"
    },
    "tax_and_estate_planning": {
        "tax_bracket": "24%",
        "strategies": [
            "Charitable Contributions"
        ],
        "estate_plan": {
            "wills": false,
            "trusts": [
                "Family Trust"
            ],
            "charitable_goals": [
                {
                    "organization": "73e3dJd1Eh",
                    "goal": "Leave $77157 as a bequest"
                }
            ]
        }
    },
    "short_and_long_term_goals": {
        "short_term": [
            "Save $4976 for a vacation"
        ],
        "long_term": [
            "Retire at 60 with $187992 annual income"
        ]
    },
    "communication_preferences": {
        "meeting_frequency": "Quarterly",
        "preferred_style": "High-level Summaries",
        "preferred_mediums": [
            "Email"
        ]
    },
    "feedback_and_concerns": {
        "portfolio_performance": "Satisfied",
        "market_concerns": "Interest Rates",
        "life_changes": "Retirement"
    },
    "meeting_notes": [
        {
            "date": "12/7/2023",
            "summary": [
                "Su0MCJtBxr"
            ]
        }
    ]
}