{
    "personal_details": {
        "first_name": "9MeWZwvvpE",
        "last_name": "gAq1VQ8NDg",
        "age": 70,
        "marital_status": "Single",
        "spouse_name": "wmfTgQIk1d",
        "children": [
            {
                "name": "m3JUPHJOr0",
                "age": 13
            },
            {
                "name": "Mn4zX1VesX",
                "age": 10
            }
        ],
        "important_dates": {
            "birthdays": [
                "3/10/1982"
            ],
            "anniversary": "3/22/2009"
        },
        "hobbies": [
            "vsGC74CzU7",
            "f4MxSg2ivz",
            "w8VKZp36ki"
        ],
        "passion_projects": [
            "hr5OM8GD2m",
            "dKZ2y7V7E4",
            "37Xf59s3iq"
        ]
    },
    "financial_details": {
        "net_worth": 1177495,
        "assets": {
            "real_estate": [
                {
                    "type": "Primary Residence",
                    "value": 700731,
                    "mortgage_balance": 803044
                }
            ],
            "investments": {
                "stocks": 15223,
                "bonds": 40053,
                "mutual_funds": 61522
            },
            "savings": 166558,
            "business_interests": [
                {
                    "name": "XQGtEvj0V1",
                    "value": 154287
                }
            ],
            "collectibles": [
                {
                    "type": "Photography Equipment",
                    "value": 35839
                }
            ]
        },
        "liabilities": {
            "total_liabilities": 37947,
            "details": [
                {
                    "type": "Car Loan",
                    "balance": 51815
                }
            ]
        },
        "income": {
            "primary_income": 64748,
            "rental_income": 9571,
            "dividends": 3861,
            "total_income": 196986
        },
        "expenses": {
            "monthly_living_expenses": 4227,
            "discretionary_spending": 4744,
            "upcoming_major_expenses": [
                {
                    "type": "College Tuition",
                    "amount": 49756,
                    "due_date": "4/16/2024"
                }
            ]
        }
    },
    "investment_preferences": {
        "risk_tolerance": "High",
        "portfolio_objectives": "Growth",
        "ethical_preferences": [
            "Sustainable Investing"
        ],
        "experience": "16 years in stocks"
    },
    "tax_and_estate_planning": {
        "tax_bracket": "30%",
        "strategies": [
            "Charitable Contributions"
        ],
        "estate_plan": {
            "wills": false,
            "trusts": [
                "Charitable Trust"
            ],
            "charitable_goals": [
                {
                    "organization": "VfS55k9e70",
                    "goal": "Leave $85500 as a bequest"
                }
            ]
        }
    },
    "short_and_long_term_goals": {
        "short_term": [
            "Save $6899 for a vacation"
        ],
        "long_term": [
            "Retire at 60 with $106041 annual income"
        ]
    },
    "communication_preferences": {
        "meeting_frequency": "Annually",
        "preferred_style": "High-level Summaries",
        "preferred_mediums": [
            "Phone"
        ]
    },
    "feedback_and_concerns": {
        "portfolio_performance": "Concerned about returns",
        "market_concerns": "Recession",
        "life_changes": "Retirement"
    },
    "meeting_notes": [
        {
            "date": "12/6/2025",
            "summary": [
                "HPLkNpBcz4"
            ]
        }
    ]
}