{
    "personal_details": {
        "first_name": "wUPIq2a6UF",
        "last_name": "O5OPLAzlkS",
        "age": 44,
        "marital_status": "Divorced",
        "spouse_name": "JTfnnTY2Ku",
        "children": [],
        "important_dates": {
            "birthdays": [
                "4/4/1984"
            ],
            "anniversary": "12/18/2005"
        },
        "hobbies": [
            "P9JlYUrMzG"
        ],
        "passion_projects": [
            "r8xX9dXyQF",
            "1IpRRW626W"
        ]
    },
    "financial_details": {
        "net_worth": 3935532,
        "assets": {
            "real_estate": [
                {
                    "type": "Rental Property",
                    "value": 1826888,
                    "mortgage_balance": 983554
                }
            ],
            "investments": {
                "stocks": 274279,
                "bonds": 225462,
                "mutual_funds": 132093
            },
            "savings": 153879,
            "business_interests": [
                {
                    "name": "t8wxW40CQA",
                    "value": 770474
                }
            ],
            "collectibles": [
                {
                    "type": "Photography Equipment",
                    "value": 34414
                }
            ]
        },
        "liabilities": {
            "total_liabilities": 59604,
            "details": [
                {
                    "type": "Car Loan",
                    "balance": 46936
                }
            ]
        },
        "income": {
            "primary_income": 67433,
            "rental_income": 17474,
            "dividends": 12836,
            "total_income": 105626
        },
        "expenses": {
            "monthly_living_expenses": 1035,
            "discretionary_spending": 4272,
            "upcoming_major_expenses": [
                {
                    "type": "College Tuition",
                    "amount": 6002,
                    "due_date": "10/23/2028"
                }
            ]
        }
    },
    "investment_preferences": {
        "risk_tolerance": "High",
        "portfolio_objectives": "Growth",
        "ethical_preferences": [
            "ESG Investing"
        ],
        "experience": "17 years in stocks"
    },
    "tax_and_estate_planning": {
        "tax_bracket": "12%",
        "strategies": [
            "Tax-efficient Investments"
        ],
        "estate_plan": {
            "wills": true,
            "trusts": [
                "Charitable Trust"
            ],
            "charitable_goals": [
                {
                    "organization": "dUD0h1Zm0E",
                    "goal": "Leave $17181 as a bequest"
                }
            ]
        }
    },
    "short_and_long_term_goals": {
        "short_term": [
            "Save $9223 for a vacation"
        ],
        "long_term": [
            "Retire at 60 with $162407 annual income"
        ]
    },
    "communication_preferences": {
        "meeting_frequency": "Quarterly",
        "preferred_style": "High-level Summaries",
        "preferred_mediums": [
            "In-person"
        ]
    },
    "feedback_and_concerns": {
        "portfolio_performance": "Satisfied",
        "market_concerns": "Recession",
        "life_changes": "Marriage"
    },
    "meeting_notes": [
        {
            "date": "4/3/2029",
            "summary": [
                "eLGkEOSYB0"
            ]
        }
    ]
}