{
    "personal_details": {
        "first_name": "wl3tlBkpsI",
        "last_name": "qTq0OeoHDT",
        "age": 40,
        "marital_status": "Married",
        "spouse_name": null,
        "children": [
            {
                "name": "m9f25FSigG",
                "age": 13
            }
        ],
        "important_dates": {
            "birthdays": [
                "5/12/1985"
            ],
            "anniversary": null
        },
        "hobbies": [
            "XqI1eJvTHk",
            "SsYqf6qWXM",
            "xfsou6Ef2C"
        ],
        "passion_projects": [
            "xMFFThINgz"
        ]
    },
    "financial_details": {
        "net_worth": 4223316,
        "assets": {
            "real_estate": [
                {
                    "type": "Primary Residence",
                    "value": 1070373,
                    "mortgage_balance": 176029
                }
            ],
            "investments": {
                "stocks": 88413,
                "bonds": 216541,
                "mutual_funds": 203187
            },
            "savings": 78764,
            "business_interests": [
                {
                    "name": "Zwf3sY6y90",
                    "value": 53600
                }
            ],
            "collectibles": [
                {
                    "type": "Art",
                    "value": 12732
                }
            ]
        },
        "liabilities": {
            "total_liabilities": 411698,
            "details": [
                {
                    "type": "Car Loan",
                    "balance": 51981
                }
            ]
        },
        "income": {
            "primary_income": 158352,
            "rental_income": 27317,
            "dividends": 2652,
            "total_income": 162103
        },
        "expenses": {
            "monthly_living_expenses": 8463,
            "discretionary_spending": 3314,
            "upcoming_major_expenses": [
                {
                    "type": "College Tuition",
                    "amount": 16848,
                    "due_date": "7/19/2028"
                }
            ]
        }
    },
    "investment_preferences": {
        "risk_tolerance": "High",
        "portfolio_objectives": "Growth",
        "ethical_preferences": [
            "Sustainable Investing"
        ],
        "experience": "15 years in stocks"
    },
    "tax_and_estate_planning": {
        "tax_bracket": "30%",
        "strategies": [
            "Tax-efficient Investments"
        ],
        "estate_plan": {
            "wills": true,
            "trusts": [
                "Family Trust"
            ],
            "charitable_goals": [
                {
                    "organization": "PancNzOzQ8",
                    "goal": "Leave $7871 as a bequest"
                }
            ]
        }
    },
    "short_and_long_term_goals": {
        "short_term": [
            "Save $16219 for a vacation"
        ],
        "long_term": [
            "Retire at 60 with $99799 annual income"
        ]
    },
    "communication_preferences": {
        "meeting_frequency": "Quarterly",
        "preferred_style": "Detailed Analysis",
        "preferred_mediums": [
            "In-person"
        ]
    },
    "feedback_and_concerns": {
        "portfolio_performance": "Satisfied",
        "market_concerns": "Interest Rates",
        "life_changes": "New Job"
    },
    "meeting_notes": [
        {
            "date": "5/28/2029",
            "summary": [
                "OU2V2uHoqt"
            ]
        }
    ]
}