{
    "personal_details": {
        "first_name": "vuVQe8D91m",
        "last_name": "tA1LokVmFF",
        "age": 59,
        "marital_status": "Single",
        "spouse_name": null,
        "children": [
            {
                "name": "Cls6EbwSNT",
                "age": 4
            },
            {
                "name": "32OidD7fFB",
                "age": 6
            }
        ],
        "important_dates": {
            "birthdays": [
                "4/4/1981"
            ],
            "anniversary": null
        },
        "hobbies": [
            "Nar01g3IbC",
            "lR8ZQazrrs",
            "qgifUScEAl"
        ],
        "passion_projects": [
            "12IVRZAyIW",
            "s888LUKYFX",
            "XkeGU8vgYS"
        ]
    },
    "financial_details": {
        "net_worth": 554548,
        "assets": {
            "real_estate": [
                {
                    "type": "Primary Residence",
                    "value": 1335744,
                    "mortgage_balance": 885320
                }
            ],
            "investments": {
                "stocks": 125597,
                "bonds": 236795,
                "mutual_funds": 349712
            },
            "savings": 130834,
            "business_interests": [
                {
                    "name": "NiPG1tnGA9",
                    "value": 885844
                }
            ],
            "collectibles": [
                {
                    "type": "Photography Equipment",
                    "value": 20047
                }
            ]
        },
        "liabilities": {
            "total_liabilities": 69503,
            "details": [
                {
                    "type": "Car Loan",
                    "balance": 49018
                }
            ]
        },
        "income": {
            "primary_income": 186087,
            "rental_income": 19054,
            "dividends": 12400,
            "total_income": 67393
        },
        "expenses": {
            "monthly_living_expenses": 2612,
            "discretionary_spending": 2850,
            "upcoming_major_expenses": [
                {
                    "type": "College Tuition",
                    "amount": 21458,
                    "due_date": "5/23/2025"
                }
            ]
        }
    },
    "investment_preferences": {
        "risk_tolerance": "Moderate",
        "portfolio_objectives": "Growth",
        "ethical_preferences": [
            "Sustainable Investing"
        ],
        "experience": "1 years in stocks"
    },
    "tax_and_estate_planning": {
        "tax_bracket": "10%",
        "strategies": [
            "Charitable Contributions"
        ],
        "estate_plan": {
            "wills": true,
            "trusts": [
                "Family Trust"
            ],
            "charitable_goals": [
                {
                    "organization": "bOkQ0e05nI",
                    "goal": "Leave $97849 as a bequest"
                }
            ]
        }
    },
    "short_and_long_term_goals": {
        "short_term": [
            "Save $2632 for a vacation"
        ],
        "long_term": [
            "Retire at 60 with $182621 annual income"
        ]
    },
    "communication_preferences": {
        "meeting_frequency": "Monthly",
        "preferred_style": "Detailed Analysis",
        "preferred_mediums": [
            "Phone"
        ]
    },
    "feedback_and_concerns": {
        "portfolio_performance": "Satisfied",
        "market_concerns": "Recession",
        "life_changes": "Marriage"
    },
    "meeting_notes": [
        {
            "date": "12/5/2027",
            "summary": [
                "Y3Os1rvOfL"
            ]
        }
    ]
}