{
    "personal_details": {
        "first_name": "K1SaIMaliI",
        "last_name": "R8QBLug4Qd",
        "age": 46,
        "marital_status": "Divorced",
        "spouse_name": null,
        "children": [
            {
                "name": "8wgkBibgHO",
                "age": 6
            },
            {
                "name": "H0CyWgd6tR",
                "age": 14
            },
            {
                "name": "jGycxbnUNS",
                "age": 15
            },
            {
                "name": "sQw5wjmzNI",
                "age": 15
            }
        ],
        "important_dates": {
            "birthdays": [
                "12/26/1980"
            ],
            "anniversary": "1/21/2007"
        },
        "hobbies": [
            "mxIvd1oHFD",
            "QJtVosUl1g",
            "tOQII7MksI",
            "smfMH4knhu"
        ],
        "passion_projects": [
            "695b4KRMjj"
        ]
    },
    "financial_details": {
        "net_worth": 3083580,
        "assets": {
            "real_estate": [
                {
                    "type": "Rental Property",
                    "value": 1509539,
                    "mortgage_balance": 923649
                }
            ],
            "investments": {
                "stocks": 302566,
                "bonds": 286638,
                "mutual_funds": 178344
            },
            "savings": 79943,
            "business_interests": [
                {
                    "name": "xFKPZxwxOP",
                    "value": 353086
                }
            ],
            "collectibles": [
                {
                    "type": "Art",
                    "value": 6962
                }
            ]
        },
        "liabilities": {
            "total_liabilities": 352958,
            "details": [
                {
                    "type": "Mortgage",
                    "balance": 8691
                }
            ]
        },
        "income": {
            "primary_income": 122599,
            "rental_income": 42524,
            "dividends": 6926,
            "total_income": 34096
        },
        "expenses": {
            "monthly_living_expenses": 5857,
            "discretionary_spending": 2712,
            "upcoming_major_expenses": [
                {
                    "type": "College Tuition",
                    "amount": 17607,
                    "due_date": "1/23/2025"
                }
            ]
        }
    },
    "investment_preferences": {
        "risk_tolerance": "Low",
        "portfolio_objectives": "Growth",
        "ethical_preferences": [
            "Sustainable Investing"
        ],
        "experience": "9 years in stocks"
    },
    "tax_and_estate_planning": {
        "tax_bracket": "20%",
        "strategies": [
            "Tax-efficient Investments"
        ],
        "estate_plan": {
            "wills": false,
            "trusts": [
                "Charitable Trust"
            ],
            "charitable_goals": [
                {
                    "organization": "GUQyBeb6wP",
                    "goal": "Leave $21068 as a bequest"
                }
            ]
        }
    },
    "short_and_long_term_goals": {
        "short_term": [
            "Save $5386 for a vacation"
        ],
        "long_term": [
            "Retire at 60 with $66228 annual income"
        ]
    },
    "communication_preferences": {
        "meeting_frequency": "Monthly",
        "preferred_style": "Detailed Analysis",
        "preferred_mediums": [
            "Phone"
        ]
    },
    "feedback_and_concerns": {
        "portfolio_performance": "Concerned about returns",
        "market_concerns": "Recession",
        "life_changes": "Retirement"
    },
    "meeting_notes": [
        {
            "date": "7/13/2029",
            "summary": [
                "QOm5SuKqBX"
            ]
        }
    ]
}