{
    "personal_details": {
        "first_name": "EcxnnsnqYB",
        "last_name": "y4ixyNWKnY",
        "age": 61,
        "marital_status": "Married",
        "spouse_name": "j0cu4HN3xJ",
        "children": [
            {
                "name": "FzcOr62FDJ",
                "age": 15
            },
            {
                "name": "rSrsQ6vhOV",
                "age": 9
            },
            {
                "name": "Fx4GA92qm2",
                "age": 2
            },
            {
                "name": "49NP0e5WmS",
                "age": 13
            }
        ],
        "important_dates": {
            "birthdays": [
                "4/23/1981"
            ],
            "anniversary": null
        },
        "hobbies": [
            "GuJmBnR9vX",
            "lRdLxC59cr",
            "QgHkpLLP3F",
            "g2y91zgZac"
        ],
        "passion_projects": [
            "Je008v4TS4",
            "sYeSYdzKRb",
            "oUBOuSqbjN"
        ]
    },
    "financial_details": {
        "net_worth": 1738962,
        "assets": {
            "real_estate": [
                {
                    "type": "Vacation Home",
                    "value": 1669079,
                    "mortgage_balance": 324808
                }
            ],
            "investments": {
                "stocks": 225160,
                "bonds": 263215,
                "mutual_funds": 104457
            },
            "savings": 61784,
            "business_interests": [
                {
                    "name": "6bYOHAvngG",
                    "value": 741371
                }
            ],
            "collectibles": [
                {
                    "type": "Photography Equipment",
                    "value": 41003
                }
            ]
        },
        "liabilities": {
            "total_liabilities": 467038,
            "details": [
                {
                    "type": "Car Loan",
                    "balance": 60953
                }
            ]
        },
        "income": {
            "primary_income": 88690,
            "rental_income": 26102,
            "dividends": 15403,
            "total_income": 105191
        },
        "expenses": {
            "monthly_living_expenses": 7335,
            "discretionary_spending": 3789,
            "upcoming_major_expenses": [
                {
                    "type": "College Tuition",
                    "amount": 34614,
                    "due_date": "5/21/2024"
                }
            ]
        }
    },
    "investment_preferences": {
        "risk_tolerance": "High",
        "portfolio_objectives": "Income Generation",
        "ethical_preferences": [
            "ESG Investing"
        ],
        "experience": "20 years in stocks"
    },
    "tax_and_estate_planning": {
        "tax_bracket": "14%",
        "strategies": [
            "Tax-efficient Investments"
        ],
        "estate_plan": {
            "wills": true,
            "trusts": [
                "Family Trust"
            ],
            "charitable_goals": [
                {
                    "organization": "DOtqreWXU7",
                    "goal": "Leave $29919 as a bequest"
                }
            ]
        }
    },
    "short_and_long_term_goals": {
        "short_term": [
            "Save $6189 for a vacation"
        ],
        "long_term": [
            "Retire at 60 with $83782 annual income"
        ]
    },
    "communication_preferences": {
        "meeting_frequency": "Annually",
        "preferred_style": "Detailed Analysis",
        "preferred_mediums": [
            "Email"
        ]
    },
    "feedback_and_concerns": {
        "portfolio_performance": "Concerned about returns",
        "market_concerns": "Recession",
        "life_changes": "Retirement"
    },
    "meeting_notes": [
        {
            "date": "8/9/2026",
            "summary": [
                "6xNabmNJIW"
            ]
        }
    ]
}