{
    "personal_details": {
        "first_name": "QKQMLt7Ior",
        "last_name": "cV7SsqUzOg",
        "age": 67,
        "marital_status": "Divorced",
        "spouse_name": "pEbFxTGvGr",
        "children": [
            {
                "name": "LTXsbzXIz4",
                "age": 5
            },
            {
                "name": "3zNRYDTHTM",
                "age": 12
            },
            {
                "name": "H1tu4HMIQx",
                "age": 17
            }
        ],
        "important_dates": {
            "birthdays": [
                "11/28/1985"
            ],
            "anniversary": "1/14/2002"
        },
        "hobbies": [
            "MBtfECoU5n",
            "aVqw3YIIM5",
            "BdLTZ8Ys1n",
            "nNEIxxAhHt"
        ],
        "passion_projects": [
            "wfCWl0AaTb",
            "s2CmiTMvqL"
        ]
    },
    "financial_details": {
        "net_worth": 2704948,
        "assets": {
            "real_estate": [
                {
                    "type": "Primary Residence",
                    "value": 1600310,
                    "mortgage_balance": 360438
                }
            ],
            "investments": {
                "stocks": 34170,
                "bonds": 140470,
                "mutual_funds": 290922
            },
            "savings": 134800,
            "business_interests": [
                {
                    "name": "1MfI9lpSU3",
                    "value": 953226
                }
            ],
            "collectibles": [
                {
                    "type": "Photography Equipment",
                    "value": 29660
                }
            ]
        },
        "liabilities": {
            "total_liabilities": 444604,
            "details": [
                {
                    "type": "Car Loan",
                    "balance": 65070
                }
            ]
        },
        "income": {
            "primary_income": 131557,
            "rental_income": 44839,
            "dividends": 18680,
            "total_income": 49313
        },
        "expenses": {
            "monthly_living_expenses": 5510,
            "discretionary_spending": 4460,
            "upcoming_major_expenses": [
                {
                    "type": "College Tuition",
                    "amount": 31829,
                    "due_date": "10/2/2026"
                }
            ]
        }
    },
    "investment_preferences": {
        "risk_tolerance": "High",
        "portfolio_objectives": "Income Generation",
        "ethical_preferences": [
            "Sustainable Investing"
        ],
        "experience": "6 years in stocks"
    },
    "tax_and_estate_planning": {
        "tax_bracket": "10%",
        "strategies": [
            "Tax-efficient Investments"
        ],
        "estate_plan": {
            "wills": false,
            "trusts": [
                "Family Trust"
            ],
            "charitable_goals": [
                {
                    "organization": "eY1fAizKyF",
                    "goal": "Leave $79443 as a bequest"
                }
            ]
        }
    },
    "short_and_long_term_goals": {
        "short_term": [
            "Save $18765 for a vacation"
        ],
        "long_term": [
            "Retire at 60 with $182829 annual income"
        ]
    },
    "communication_preferences": {
        "meeting_frequency": "Monthly",
        "preferred_style": "Detailed Analysis",
        "preferred_mediums": [
            "Email"
        ]
    },
    "feedback_and_concerns": {
        "portfolio_performance": "Concerned about returns",
        "market_concerns": "Interest Rates",
        "life_changes": "Marriage"
    },
    "meeting_notes": [
        {
            "date": "7/3/2023",
            "summary": [
                "yVP5ICnoWu"
            ]
        }
    ]
}