{
    "personal_details": {
        "first_name": "hmyIzHlbcC",
        "last_name": "gAEjq6KYYv",
        "age": 88,
        "marital_status": "Single",
        "spouse_name": "zIIOT3AOZd",
        "children": [
            {
                "name": "2OMrqiWZ75",
                "age": 2
            },
            {
                "name": "Y5cq3XDoew",
                "age": 7
            }
        ],
        "important_dates": {
            "birthdays": [
                "4/12/1987"
            ],
            "anniversary": null
        },
        "hobbies": [
            "dsu7AmXIX2",
            "hPfUFjbQPd",
            "N65OUQAw7X"
        ],
        "passion_projects": [
            "uh1TRSKO4X"
        ]
    },
    "financial_details": {
        "net_worth": 870291,
        "assets": {
            "real_estate": [
                {
                    "type": "Vacation Home",
                    "value": 1437806,
                    "mortgage_balance": 291553
                }
            ],
            "investments": {
                "stocks": 454519,
                "bonds": 146411,
                "mutual_funds": 100271
            },
            "savings": 46793,
            "business_interests": [
                {
                    "name": "goJ7LvXAI9",
                    "value": 590003
                }
            ],
            "collectibles": [
                {
                    "type": "Photography Equipment",
                    "value": 38582
                }
            ]
        },
        "liabilities": {
            "total_liabilities": 74934,
            "details": [
                {
                    "type": "Mortgage",
                    "balance": 4687
                }
            ]
        },
        "income": {
            "primary_income": 142962,
            "rental_income": 6960,
            "dividends": 13549,
            "total_income": 144046
        },
        "expenses": {
            "monthly_living_expenses": 9089,
            "discretionary_spending": 1319,
            "upcoming_major_expenses": [
                {
                    "type": "College Tuition",
                    "amount": 32581,
                    "due_date": "3/6/2023"
                }
            ]
        }
    },
    "investment_preferences": {
        "risk_tolerance": "Moderate",
        "portfolio_objectives": "Growth",
        "ethical_preferences": [
            "ESG Investing"
        ],
        "experience": "3 years in stocks"
    },
    "tax_and_estate_planning": {
        "tax_bracket": "25%",
        "strategies": [
            "Tax-efficient Investments"
        ],
        "estate_plan": {
            "wills": true,
            "trusts": [
                "Family Trust"
            ],
            "charitable_goals": [
                {
                    "organization": "tOFeTNgl5V",
                    "goal": "Leave $72895 as a bequest"
                }
            ]
        }
    },
    "short_and_long_term_goals": {
        "short_term": [
            "Save $12623 for a vacation"
        ],
        "long_term": [
            "Retire at 60 with $129181 annual income"
        ]
    },
    "communication_preferences": {
        "meeting_frequency": "Annually",
        "preferred_style": "High-level Summaries",
        "preferred_mediums": [
            "Phone"
        ]
    },
    "feedback_and_concerns": {
        "portfolio_performance": "Concerned about returns",
        "market_concerns": "Interest Rates",
        "life_changes": "Marriage"
    },
    "meeting_notes": [
        {
            "date": "4/11/2024",
            "summary": [
                "9QxeO4OhZz"
            ]
        }
    ]
}