{
    "personal_details": {
        "first_name": "CIMaxMqDlq",
        "last_name": "aIL4tcJC81",
        "age": 87,
        "marital_status": "Married",
        "spouse_name": "u6wOwWB7xF",
        "children": [
            {
                "name": "zk8SHBcROa",
                "age": 13
            },
            {
                "name": "nZxUCi36FQ",
                "age": 10
            },
            {
                "name": "QAMPyKrsyc",
                "age": 18
            }
        ],
        "important_dates": {
            "birthdays": [
                "8/6/1984"
            ],
            "anniversary": null
        },
        "hobbies": [
            "mgZwmooXuP",
            "B4wMUgMeos",
            "74A90pECAd",
            "FALqBrEcBE",
            "t4EWzmlEWE"
        ],
        "passion_projects": [
            "ceGyMYxZZN",
            "g3HhG2wgG3",
            "YpiMReIQfX"
        ]
    },
    "financial_details": {
        "net_worth": 2526293,
        "assets": {
            "real_estate": [
                {
                    "type": "Rental Property",
                    "value": 1157712,
                    "mortgage_balance": 209655
                }
            ],
            "investments": {
                "stocks": 326996,
                "bonds": 281708,
                "mutual_funds": 248802
            },
            "savings": 23100,
            "business_interests": [
                {
                    "name": "FE9H9ZE87P",
                    "value": 335051
                }
            ],
            "collectibles": [
                {
                    "type": "Art",
                    "value": 40054
                }
            ]
        },
        "liabilities": {
            "total_liabilities": 280311,
            "details": [
                {
                    "type": "Car Loan",
                    "balance": 75732
                }
            ]
        },
        "income": {
            "primary_income": 107888,
            "rental_income": 48623,
            "dividends": 1688,
            "total_income": 115206
        },
        "expenses": {
            "monthly_living_expenses": 1475,
            "discretionary_spending": 3968,
            "upcoming_major_expenses": [
                {
                    "type": "College Tuition",
                    "amount": 37282,
                    "due_date": "6/5/2029"
                }
            ]
        }
    },
    "investment_preferences": {
        "risk_tolerance": "High",
        "portfolio_objectives": "Growth",
        "ethical_preferences": [
            "ESG Investing"
        ],
        "experience": "6 years in stocks"
    },
    "tax_and_estate_planning": {
        "tax_bracket": "29%",
        "strategies": [
            "Tax-efficient Investments"
        ],
        "estate_plan": {
            "wills": false,
            "trusts": [
                "Charitable Trust"
            ],
            "charitable_goals": [
                {
                    "organization": "kZHakYXz1j",
                    "goal": "Leave $34798 as a bequest"
                }
            ]
        }
    },
    "short_and_long_term_goals": {
        "short_term": [
            "Save $16500 for a vacation"
        ],
        "long_term": [
            "Retire at 60 with $80768 annual income"
        ]
    },
    "communication_preferences": {
        "meeting_frequency": "Quarterly",
        "preferred_style": "High-level Summaries",
        "preferred_mediums": [
            "In-person"
        ]
    },
    "feedback_and_concerns": {
        "portfolio_performance": "Satisfied",
        "market_concerns": "Inflation",
        "life_changes": "New Job"
    },
    "meeting_notes": [
        {
            "date": "4/19/2025",
            "summary": [
                "z5lElQIcsV"
            ]
        }
    ]
}