{
    "personal_details": {
        "first_name": "aSPdFX1wOL",
        "last_name": "Ns6vv3aiXZ",
        "age": 25,
        "marital_status": "Married",
        "spouse_name": "MUuFGn0WBw",
        "children": [
            {
                "name": "DvUkfkIP7e",
                "age": 15
            }
        ],
        "important_dates": {
            "birthdays": [
                "8/8/1980"
            ],
            "anniversary": null
        },
        "hobbies": [
            "YTwNqSPA38",
            "lP3QrVkNr7",
            "fUWrRoZPI6"
        ],
        "passion_projects": [
            "82wtp8T1tg",
            "OUpD4DokF4"
        ]
    },
    "financial_details": {
        "net_worth": 3395503,
        "assets": {
            "real_estate": [
                {
                    "type": "Primary Residence",
                    "value": 490103,
                    "mortgage_balance": 727721
                }
            ],
            "investments": {
                "stocks": 185534,
                "bonds": 260209,
                "mutual_funds": 385968
            },
            "savings": 104112,
            "business_interests": [
                {
                    "name": "0S4jHxFb8M",
                    "value": 110320
                }
            ],
            "collectibles": [
                {
                    "type": "Art",
                    "value": 37291
                }
            ]
        },
        "liabilities": {
            "total_liabilities": 191156,
            "details": [
                {
                    "type": "Car Loan",
                    "balance": 65635
                }
            ]
        },
        "income": {
            "primary_income": 93825,
            "rental_income": 10062,
            "dividends": 10486,
            "total_income": 291132
        },
        "expenses": {
            "monthly_living_expenses": 8931,
            "discretionary_spending": 2596,
            "upcoming_major_expenses": [
                {
                    "type": "College Tuition",
                    "amount": 9011,
                    "due_date": "5/27/2027"
                }
            ]
        }
    },
    "investment_preferences": {
        "risk_tolerance": "Low",
        "portfolio_objectives": "Growth",
        "ethical_preferences": [
            "ESG Investing"
        ],
        "experience": "2 years in stocks"
    },
    "tax_and_estate_planning": {
        "tax_bracket": "28%",
        "strategies": [
            "Charitable Contributions"
        ],
        "estate_plan": {
            "wills": false,
            "trusts": [
                "Charitable Trust"
            ],
            "charitable_goals": [
                {
                    "organization": "YfESzhXr6v",
                    "goal": "Leave $93977 as a bequest"
                }
            ]
        }
    },
    "short_and_long_term_goals": {
        "short_term": [
            "Save $4217 for a vacation"
        ],
        "long_term": [
            "Retire at 60 with $93674 annual income"
        ]
    },
    "communication_preferences": {
        "meeting_frequency": "Monthly",
        "preferred_style": "High-level Summaries",
        "preferred_mediums": [
            "Phone"
        ]
    },
    "feedback_and_concerns": {
        "portfolio_performance": "Satisfied",
        "market_concerns": "Interest Rates",
        "life_changes": "Retirement"
    },
    "meeting_notes": [
        {
            "date": "1/8/2027",
            "summary": [
                "sj6yKpMsEs"
            ]
        }
    ]
}