{
    "personal_details": {
        "first_name": "iPnoxl6X1k",
        "last_name": "Pnwbnte4Yw",
        "age": 77,
        "marital_status": "Married",
        "spouse_name": null,
        "children": [
            {
                "name": "aaKWF4puYO",
                "age": 7
            }
        ],
        "important_dates": {
            "birthdays": [
                "3/4/1989"
            ],
            "anniversary": null
        },
        "hobbies": [
            "Aac4Runwpb",
            "NzCod4Ro6Q",
            "fe41fKaAqU",
            "ORhnb0OEX2",
            "zT1Eo321IG"
        ],
        "passion_projects": [
            "KnlmndNxJG",
            "lEBnnzQYID"
        ]
    },
    "financial_details": {
        "net_worth": 4901952,
        "assets": {
            "real_estate": [
                {
                    "type": "Vacation Home",
                    "value": 1129874,
                    "mortgage_balance": 717602
                }
            ],
            "investments": {
                "stocks": 251360,
                "bonds": 212715,
                "mutual_funds": 20101
            },
            "savings": 30061,
            "business_interests": [
                {
                    "name": "2KMuRXEKkh",
                    "value": 830708
                }
            ],
            "collectibles": [
                {
                    "type": "Art",
                    "value": 43638
                }
            ]
        },
        "liabilities": {
            "total_liabilities": 173966,
            "details": [
                {
                    "type": "Car Loan",
                    "balance": 73069
                }
            ]
        },
        "income": {
            "primary_income": 141811,
            "rental_income": 42996,
            "dividends": 4435,
            "total_income": 144314
        },
        "expenses": {
            "monthly_living_expenses": 7492,
            "discretionary_spending": 1268,
            "upcoming_major_expenses": [
                {
                    "type": "College Tuition",
                    "amount": 36520,
                    "due_date": "4/15/2024"
                }
            ]
        }
    },
    "investment_preferences": {
        "risk_tolerance": "High",
        "portfolio_objectives": "Income Generation",
        "ethical_preferences": [
            "ESG Investing"
        ],
        "experience": "14 years in stocks"
    },
    "tax_and_estate_planning": {
        "tax_bracket": "16%",
        "strategies": [
            "Tax-efficient Investments"
        ],
        "estate_plan": {
            "wills": true,
            "trusts": [
                "Family Trust"
            ],
            "charitable_goals": [
                {
                    "organization": "p5E2mWoNC1",
                    "goal": "Leave $28255 as a bequest"
                }
            ]
        }
    },
    "short_and_long_term_goals": {
        "short_term": [
            "Save $6498 for a vacation"
        ],
        "long_term": [
            "Retire at 60 with $113478 annual income"
        ]
    },
    "communication_preferences": {
        "meeting_frequency": "Quarterly",
        "preferred_style": "Detailed Analysis",
        "preferred_mediums": [
            "In-person"
        ]
    },
    "feedback_and_concerns": {
        "portfolio_performance": "Satisfied",
        "market_concerns": "Inflation",
        "life_changes": "Retirement"
    },
    "meeting_notes": [
        {
            "date": "12/20/2026",
            "summary": [
                "PQtdOFHQYM"
            ]
        }
    ]
}