{
    "personal_details": {
        "first_name": "ROUZ81U4gv",
        "last_name": "vJR7wymwoI",
        "age": 85,
        "marital_status": "Single",
        "spouse_name": null,
        "children": [
            {
                "name": "PGtrSeoR5h",
                "age": 14
            }
        ],
        "important_dates": {
            "birthdays": [
                "2/16/1985"
            ],
            "anniversary": null
        },
        "hobbies": [
            "1np4PiEJZd"
        ],
        "passion_projects": [
            "ZJaq5xbWhN",
            "nYdMMW6Sp1"
        ]
    },
    "financial_details": {
        "net_worth": 3470569,
        "assets": {
            "real_estate": [
                {
                    "type": "Primary Residence",
                    "value": 971142,
                    "mortgage_balance": 937177
                }
            ],
            "investments": {
                "stocks": 140669,
                "bonds": 252899,
                "mutual_funds": 203116
            },
            "savings": 182471,
            "business_interests": [
                {
                    "name": "ine3yGixez",
                    "value": 898120
                }
            ],
            "collectibles": [
                {
                    "type": "Photography Equipment",
                    "value": 3761
                }
            ]
        },
        "liabilities": {
            "total_liabilities": 88012,
            "details": [
                {
                    "type": "Student Loan",
                    "balance": 6393
                }
            ]
        },
        "income": {
            "primary_income": 106737,
            "rental_income": 23844,
            "dividends": 115,
            "total_income": 163358
        },
        "expenses": {
            "monthly_living_expenses": 3831,
            "discretionary_spending": 4735,
            "upcoming_major_expenses": [
                {
                    "type": "College Tuition",
                    "amount": 37437,
                    "due_date": "12/11/2025"
                }
            ]
        }
    },
    "investment_preferences": {
        "risk_tolerance": "Moderate",
        "portfolio_objectives": "Growth",
        "ethical_preferences": [
            "Sustainable Investing"
        ],
        "experience": "18 years in stocks"
    },
    "tax_and_estate_planning": {
        "tax_bracket": "31%",
        "strategies": [
            "Tax-efficient Investments"
        ],
        "estate_plan": {
            "wills": false,
            "trusts": [
                "Family Trust"
            ],
            "charitable_goals": [
                {
                    "organization": "oPDgv35etz",
                    "goal": "Leave $44771 as a bequest"
                }
            ]
        }
    },
    "short_and_long_term_goals": {
        "short_term": [
            "Save $17424 for a vacation"
        ],
        "long_term": [
            "Retire at 60 with $138520 annual income"
        ]
    },
    "communication_preferences": {
        "meeting_frequency": "Quarterly",
        "preferred_style": "High-level Summaries",
        "preferred_mediums": [
            "Email"
        ]
    },
    "feedback_and_concerns": {
        "portfolio_performance": "Concerned about returns",
        "market_concerns": "Interest Rates",
        "life_changes": "Retirement"
    },
    "meeting_notes": [
        {
            "date": "11/17/2026",
            "summary": [
                "T8wt445MRA"
            ]
        }
    ]
}