{
    "personal_details": {
        "first_name": "kp7UCuwrUB",
        "last_name": "Djgb4vquDl",
        "age": 74,
        "marital_status": "Divorced",
        "spouse_name": null,
        "children": [
            {
                "name": "czyTLlkjnN",
                "age": 3
            }
        ],
        "important_dates": {
            "birthdays": [
                "10/22/1984"
            ],
            "anniversary": "3/25/2005"
        },
        "hobbies": [
            "OswkXXG3sJ",
            "cNS4i9G0no",
            "luL6LScTWL",
            "QWJmmpaLvL",
            "KA2tbV8HgN"
        ],
        "passion_projects": [
            "2sjtLzfn1U"
        ]
    },
    "financial_details": {
        "net_worth": 2331971,
        "assets": {
            "real_estate": [
                {
                    "type": "Primary Residence",
                    "value": 762516,
                    "mortgage_balance": 229958
                }
            ],
            "investments": {
                "stocks": 143528,
                "bonds": 102067,
                "mutual_funds": 361126
            },
            "savings": 141598,
            "business_interests": [
                {
                    "name": "MdeXaU2vLT",
                    "value": 573726
                }
            ],
            "collectibles": [
                {
                    "type": "Photography Equipment",
                    "value": 49083
                }
            ]
        },
        "liabilities": {
            "total_liabilities": 363101,
            "details": [
                {
                    "type": "Mortgage",
                    "balance": 23565
                }
            ]
        },
        "income": {
            "primary_income": 119339,
            "rental_income": 40105,
            "dividends": 15296,
            "total_income": 142943
        },
        "expenses": {
            "monthly_living_expenses": 2392,
            "discretionary_spending": 2393,
            "upcoming_major_expenses": [
                {
                    "type": "College Tuition",
                    "amount": 26953,
                    "due_date": "8/25/2028"
                }
            ]
        }
    },
    "investment_preferences": {
        "risk_tolerance": "Low",
        "portfolio_objectives": "Income Generation",
        "ethical_preferences": [
            "ESG Investing"
        ],
        "experience": "8 years in stocks"
    },
    "tax_and_estate_planning": {
        "tax_bracket": "26%",
        "strategies": [
            "Tax-efficient Investments"
        ],
        "estate_plan": {
            "wills": false,
            "trusts": [
                "Charitable Trust"
            ],
            "charitable_goals": [
                {
                    "organization": "IbKSHtL5MP",
                    "goal": "Leave $86096 as a bequest"
                }
            ]
        }
    },
    "short_and_long_term_goals": {
        "short_term": [
            "Save $11286 for a vacation"
        ],
        "long_term": [
            "Retire at 60 with $147747 annual income"
        ]
    },
    "communication_preferences": {
        "meeting_frequency": "Quarterly",
        "preferred_style": "High-level Summaries",
        "preferred_mediums": [
            "In-person"
        ]
    },
    "feedback_and_concerns": {
        "portfolio_performance": "Concerned about returns",
        "market_concerns": "Recession",
        "life_changes": "Retirement"
    },
    "meeting_notes": [
        {
            "date": "1/16/2029",
            "summary": [
                "pkQ3gLfsRp"
            ]
        }
    ]
}