{
    "personal_details": {
        "first_name": "5q9FBRd8rN",
        "last_name": "eOO4BROEwK",
        "age": 69,
        "marital_status": "Married",
        "spouse_name": null,
        "children": [
            {
                "name": "xMgKzwlc0l",
                "age": 17
            }
        ],
        "important_dates": {
            "birthdays": [
                "10/11/1980"
            ],
            "anniversary": null
        },
        "hobbies": [
            "yG8GLAmKmc",
            "L3E2JnCPkB",
            "WTuHv7n0AL",
            "vl5rQgje2w",
            "jQbhaUsJTI"
        ],
        "passion_projects": [
            "bD3YlG2M0r"
        ]
    },
    "financial_details": {
        "net_worth": 1628399,
        "assets": {
            "real_estate": [
                {
                    "type": "Primary Residence",
                    "value": 1408485,
                    "mortgage_balance": 51872
                }
            ],
            "investments": {
                "stocks": 454053,
                "bonds": 111826,
                "mutual_funds": 382002
            },
            "savings": 66379,
            "business_interests": [
                {
                    "name": "MUbkPsRaId",
                    "value": 547345
                }
            ],
            "collectibles": [
                {
                    "type": "Photography Equipment",
                    "value": 4504
                }
            ]
        },
        "liabilities": {
            "total_liabilities": 432573,
            "details": [
                {
                    "type": "Car Loan",
                    "balance": 57101
                }
            ]
        },
        "income": {
            "primary_income": 109828,
            "rental_income": 6942,
            "dividends": 14830,
            "total_income": 69147
        },
        "expenses": {
            "monthly_living_expenses": 1675,
            "discretionary_spending": 1891,
            "upcoming_major_expenses": [
                {
                    "type": "College Tuition",
                    "amount": 9846,
                    "due_date": "4/27/2025"
                }
            ]
        }
    },
    "investment_preferences": {
        "risk_tolerance": "High",
        "portfolio_objectives": "Growth",
        "ethical_preferences": [
            "ESG Investing"
        ],
        "experience": "18 years in stocks"
    },
    "tax_and_estate_planning": {
        "tax_bracket": "24%",
        "strategies": [
            "Charitable Contributions"
        ],
        "estate_plan": {
            "wills": true,
            "trusts": [
                "Family Trust"
            ],
            "charitable_goals": [
                {
                    "organization": "GnkaTQaDGD",
                    "goal": "Leave $41345 as a bequest"
                }
            ]
        }
    },
    "short_and_long_term_goals": {
        "short_term": [
            "Save $13426 for a vacation"
        ],
        "long_term": [
            "Retire at 60 with $148276 annual income"
        ]
    },
    "communication_preferences": {
        "meeting_frequency": "Quarterly",
        "preferred_style": "Detailed Analysis",
        "preferred_mediums": [
            "Email"
        ]
    },
    "feedback_and_concerns": {
        "portfolio_performance": "Satisfied",
        "market_concerns": "Inflation",
        "life_changes": "New Job"
    },
    "meeting_notes": [
        {
            "date": "1/16/2027",
            "summary": [
                "2NE10hED0L"
            ]
        }
    ]
}