{
    "personal_details": {
        "first_name": "FxCU0CrvrQ",
        "last_name": "KmE9S3iEqe",
        "age": 70,
        "marital_status": "Divorced",
        "spouse_name": "48JakCupiv",
        "children": [],
        "important_dates": {
            "birthdays": [
                "8/2/1986"
            ],
            "anniversary": null
        },
        "hobbies": [
            "bMIHc2DAhh",
            "zdujChkFL9",
            "3BmtoMjk2T"
        ],
        "passion_projects": [
            "AbMakxkwB0",
            "idDXiOKL3Q"
        ]
    },
    "financial_details": {
        "net_worth": 4217460,
        "assets": {
            "real_estate": [
                {
                    "type": "Primary Residence",
                    "value": 928883,
                    "mortgage_balance": 233861
                }
            ],
            "investments": {
                "stocks": 287630,
                "bonds": 110255,
                "mutual_funds": 32106
            },
            "savings": 142607,
            "business_interests": [
                {
                    "name": "9Q5REZuydr",
                    "value": 832439
                }
            ],
            "collectibles": [
                {
                    "type": "Art",
                    "value": 46091
                }
            ]
        },
        "liabilities": {
            "total_liabilities": 142747,
            "details": [
                {
                    "type": "Car Loan",
                    "balance": 35413
                }
            ]
        },
        "income": {
            "primary_income": 74350,
            "rental_income": 17078,
            "dividends": 12836,
            "total_income": 31473
        },
        "expenses": {
            "monthly_living_expenses": 9487,
            "discretionary_spending": 4718,
            "upcoming_major_expenses": [
                {
                    "type": "College Tuition",
                    "amount": 6290,
                    "due_date": "12/8/2028"
                }
            ]
        }
    },
    "investment_preferences": {
        "risk_tolerance": "Moderate",
        "portfolio_objectives": "Income Generation",
        "ethical_preferences": [
            "ESG Investing"
        ],
        "experience": "17 years in stocks"
    },
    "tax_and_estate_planning": {
        "tax_bracket": "11%",
        "strategies": [
            "Charitable Contributions"
        ],
        "estate_plan": {
            "wills": true,
            "trusts": [
                "Charitable Trust"
            ],
            "charitable_goals": [
                {
                    "organization": "h5NtFIKh9I",
                    "goal": "Leave $58875 as a bequest"
                }
            ]
        }
    },
    "short_and_long_term_goals": {
        "short_term": [
            "Save $18556 for a vacation"
        ],
        "long_term": [
            "Retire at 60 with $58486 annual income"
        ]
    },
    "communication_preferences": {
        "meeting_frequency": "Annually",
        "preferred_style": "Detailed Analysis",
        "preferred_mediums": [
            "Email"
        ]
    },
    "feedback_and_concerns": {
        "portfolio_performance": "Satisfied",
        "market_concerns": "Interest Rates",
        "life_changes": "Retirement"
    },
    "meeting_notes": [
        {
            "date": "11/27/2027",
            "summary": [
                "8LJjPPufqj"
            ]
        }
    ]
}