{
    "personal_details": {
        "first_name": "GQ0gmGntkZ",
        "last_name": "1ptBtvsJJZ",
        "age": 35,
        "marital_status": "Single",
        "spouse_name": "u53kHfxPyI",
        "children": [],
        "important_dates": {
            "birthdays": [
                "8/8/1987"
            ],
            "anniversary": null
        },
        "hobbies": [
            "YxCqxe4JRr"
        ],
        "passion_projects": [
            "4F5xLhCNif"
        ]
    },
    "financial_details": {
        "net_worth": 3010751,
        "assets": {
            "real_estate": [
                {
                    "type": "Vacation Home",
                    "value": 506205,
                    "mortgage_balance": 910114
                }
            ],
            "investments": {
                "stocks": 74068,
                "bonds": 63452,
                "mutual_funds": 260804
            },
            "savings": 77888,
            "business_interests": [
                {
                    "name": "dXi1OePDI7",
                    "value": 994013
                }
            ],
            "collectibles": [
                {
                    "type": "Art",
                    "value": 3147
                }
            ]
        },
        "liabilities": {
            "total_liabilities": 496520,
            "details": [
                {
                    "type": "Mortgage",
                    "balance": 59688
                }
            ]
        },
        "income": {
            "primary_income": 133703,
            "rental_income": 37155,
            "dividends": 6367,
            "total_income": 42016
        },
        "expenses": {
            "monthly_living_expenses": 8686,
            "discretionary_spending": 4278,
            "upcoming_major_expenses": [
                {
                    "type": "College Tuition",
                    "amount": 38824,
                    "due_date": "12/16/2029"
                }
            ]
        }
    },
    "investment_preferences": {
        "risk_tolerance": "Moderate",
        "portfolio_objectives": "Income Generation",
        "ethical_preferences": [
            "Sustainable Investing"
        ],
        "experience": "7 years in stocks"
    },
    "tax_and_estate_planning": {
        "tax_bracket": "12%",
        "strategies": [
            "Charitable Contributions"
        ],
        "estate_plan": {
            "wills": true,
            "trusts": [
                "Charitable Trust"
            ],
            "charitable_goals": [
                {
                    "organization": "UKOSsJTAo1",
                    "goal": "Leave $71575 as a bequest"
                }
            ]
        }
    },
    "short_and_long_term_goals": {
        "short_term": [
            "Save $4205 for a vacation"
        ],
        "long_term": [
            "Retire at 60 with $189788 annual income"
        ]
    },
    "communication_preferences": {
        "meeting_frequency": "Annually",
        "preferred_style": "High-level Summaries",
        "preferred_mediums": [
            "In-person"
        ]
    },
    "feedback_and_concerns": {
        "portfolio_performance": "Satisfied",
        "market_concerns": "Recession",
        "life_changes": "Marriage"
    },
    "meeting_notes": [
        {
            "date": "2/9/2027",
            "summary": [
                "jjpR2AgkuD"
            ]
        }
    ]
}