{
    "personal_details": {
        "first_name": "UfstJ5PAFz",
        "last_name": "tw0NBFAZv2",
        "age": 87,
        "marital_status": "Married",
        "spouse_name": null,
        "children": [],
        "important_dates": {
            "birthdays": [
                "9/3/1983"
            ],
            "anniversary": "1/2/2001"
        },
        "hobbies": [
            "cbbyYeQmf0",
            "gL8FWKUli8",
            "DZZLoY2nOu",
            "DbfJ0FFzr7",
            "VdE7ZAn2Q3"
        ],
        "passion_projects": [
            "d3UF9Ny6DN",
            "alpD1RKxDA"
        ]
    },
    "financial_details": {
        "net_worth": 1828278,
        "assets": {
            "real_estate": [
                {
                    "type": "Primary Residence",
                    "value": 1227093,
                    "mortgage_balance": 761617
                }
            ],
            "investments": {
                "stocks": 395856,
                "bonds": 89894,
                "mutual_funds": 161464
            },
            "savings": 62822,
            "business_interests": [
                {
                    "name": "OaouBXXzGA",
                    "value": 672416
                }
            ],
            "collectibles": [
                {
                    "type": "Art",
                    "value": 29700
                }
            ]
        },
        "liabilities": {
            "total_liabilities": 399230,
            "details": [
                {
                    "type": "Mortgage",
                    "balance": 42002
                }
            ]
        },
        "income": {
            "primary_income": 133896,
            "rental_income": 41165,
            "dividends": 13827,
            "total_income": 96419
        },
        "expenses": {
            "monthly_living_expenses": 6225,
            "discretionary_spending": 3713,
            "upcoming_major_expenses": [
                {
                    "type": "College Tuition",
                    "amount": 5569,
                    "due_date": "7/5/2028"
                }
            ]
        }
    },
    "investment_preferences": {
        "risk_tolerance": "High",
        "portfolio_objectives": "Growth",
        "ethical_preferences": [
            "Sustainable Investing"
        ],
        "experience": "18 years in stocks"
    },
    "tax_and_estate_planning": {
        "tax_bracket": "21%",
        "strategies": [
            "Charitable Contributions"
        ],
        "estate_plan": {
            "wills": true,
            "trusts": [
                "Charitable Trust"
            ],
            "charitable_goals": [
                {
                    "organization": "szgG1b9Hbq",
                    "goal": "Leave $75842 as a bequest"
                }
            ]
        }
    },
    "short_and_long_term_goals": {
        "short_term": [
            "Save $6737 for a vacation"
        ],
        "long_term": [
            "Retire at 60 with $105770 annual income"
        ]
    },
    "communication_preferences": {
        "meeting_frequency": "Annually",
        "preferred_style": "Detailed Analysis",
        "preferred_mediums": [
            "Email"
        ]
    },
    "feedback_and_concerns": {
        "portfolio_performance": "Concerned about returns",
        "market_concerns": "Inflation",
        "life_changes": "Marriage"
    },
    "meeting_notes": [
        {
            "date": "6/5/2027",
            "summary": [
                "KzSPzrJMUh"
            ]
        }
    ]
}