{
    "personal_details": {
        "first_name": "tSaTbTFGwC",
        "last_name": "fKZlFwllda",
        "age": 69,
        "marital_status": "Divorced",
        "spouse_name": "ZMZsF7NFlM",
        "children": [],
        "important_dates": {
            "birthdays": [
                "10/26/1982"
            ],
            "anniversary": "5/3/2002"
        },
        "hobbies": [
            "6BSjedqVuX",
            "qahTYGyK2w",
            "NOEzP4ruwA"
        ],
        "passion_projects": [
            "YSq3CuNpr9",
            "OblnTnxygJ",
            "JOmpFP4aFg"
        ]
    },
    "financial_details": {
        "net_worth": 4162101,
        "assets": {
            "real_estate": [
                {
                    "type": "Rental Property",
                    "value": 1916169,
                    "mortgage_balance": 378770
                }
            ],
            "investments": {
                "stocks": 152233,
                "bonds": 168630,
                "mutual_funds": 177812
            },
            "savings": 192461,
            "business_interests": [
                {
                    "name": "frkS8XK1ko",
                    "value": 654133
                }
            ],
            "collectibles": [
                {
                    "type": "Photography Equipment",
                    "value": 11133
                }
            ]
        },
        "liabilities": {
            "total_liabilities": 313611,
            "details": [
                {
                    "type": "Mortgage",
                    "balance": 34513
                }
            ]
        },
        "income": {
            "primary_income": 43932,
            "rental_income": 10216,
            "dividends": 14896,
            "total_income": 177412
        },
        "expenses": {
            "monthly_living_expenses": 7012,
            "discretionary_spending": 2939,
            "upcoming_major_expenses": [
                {
                    "type": "College Tuition",
                    "amount": 25250,
                    "due_date": "1/1/2029"
                }
            ]
        }
    },
    "investment_preferences": {
        "risk_tolerance": "Moderate",
        "portfolio_objectives": "Income Generation",
        "ethical_preferences": [
            "ESG Investing"
        ],
        "experience": "13 years in stocks"
    },
    "tax_and_estate_planning": {
        "tax_bracket": "17%",
        "strategies": [
            "Charitable Contributions"
        ],
        "estate_plan": {
            "wills": true,
            "trusts": [
                "Charitable Trust"
            ],
            "charitable_goals": [
                {
                    "organization": "jTDse6uSX7",
                    "goal": "Leave $23608 as a bequest"
                }
            ]
        }
    },
    "short_and_long_term_goals": {
        "short_term": [
            "Save $17591 for a vacation"
        ],
        "long_term": [
            "Retire at 60 with $155035 annual income"
        ]
    },
    "communication_preferences": {
        "meeting_frequency": "Quarterly",
        "preferred_style": "High-level Summaries",
        "preferred_mediums": [
            "Phone"
        ]
    },
    "feedback_and_concerns": {
        "portfolio_performance": "Concerned about returns",
        "market_concerns": "Inflation",
        "life_changes": "Marriage"
    },
    "meeting_notes": [
        {
            "date": "3/5/2029",
            "summary": [
                "jns9Jhzi9Z"
            ]
        }
    ]
}