{
    "personal_details": {
        "first_name": "71cTSompow",
        "last_name": "2ZXGIlyAkW",
        "age": 79,
        "marital_status": "Married",
        "spouse_name": null,
        "children": [
            {
                "name": "D9y1ydNX0Y",
                "age": 17
            }
        ],
        "important_dates": {
            "birthdays": [
                "6/6/1983"
            ],
            "anniversary": null
        },
        "hobbies": [
            "iPHiIeT7ZT",
            "ZzUcnhBCDE"
        ],
        "passion_projects": [
            "8bRU2X70ry",
            "6S8ImHg7ki"
        ]
    },
    "financial_details": {
        "net_worth": 998714,
        "assets": {
            "real_estate": [
                {
                    "type": "Rental Property",
                    "value": 1714352,
                    "mortgage_balance": 72407
                }
            ],
            "investments": {
                "stocks": 218628,
                "bonds": 15900,
                "mutual_funds": 111682
            },
            "savings": 85180,
            "business_interests": [
                {
                    "name": "5hQY72ajRA",
                    "value": 328882
                }
            ],
            "collectibles": [
                {
                    "type": "Photography Equipment",
                    "value": 32216
                }
            ]
        },
        "liabilities": {
            "total_liabilities": 249804,
            "details": [
                {
                    "type": "Car Loan",
                    "balance": 24749
                }
            ]
        },
        "income": {
            "primary_income": 115838,
            "rental_income": 31593,
            "dividends": 6025,
            "total_income": 211901
        },
        "expenses": {
            "monthly_living_expenses": 1118,
            "discretionary_spending": 1153,
            "upcoming_major_expenses": [
                {
                    "type": "College Tuition",
                    "amount": 18822,
                    "due_date": "6/1/2027"
                }
            ]
        }
    },
    "investment_preferences": {
        "risk_tolerance": "High",
        "portfolio_objectives": "Growth",
        "ethical_preferences": [
            "Sustainable Investing"
        ],
        "experience": "17 years in stocks"
    },
    "tax_and_estate_planning": {
        "tax_bracket": "32%",
        "strategies": [
            "Tax-efficient Investments"
        ],
        "estate_plan": {
            "wills": false,
            "trusts": [
                "Charitable Trust"
            ],
            "charitable_goals": [
                {
                    "organization": "ywfPQnbBeC",
                    "goal": "Leave $3521 as a bequest"
                }
            ]
        }
    },
    "short_and_long_term_goals": {
        "short_term": [
            "Save $18440 for a vacation"
        ],
        "long_term": [
            "Retire at 60 with $72109 annual income"
        ]
    },
    "communication_preferences": {
        "meeting_frequency": "Monthly",
        "preferred_style": "Detailed Analysis",
        "preferred_mediums": [
            "In-person"
        ]
    },
    "feedback_and_concerns": {
        "portfolio_performance": "Satisfied",
        "market_concerns": "Inflation",
        "life_changes": "New Job"
    },
    "meeting_notes": [
        {
            "date": "8/28/2028",
            "summary": [
                "razc0AiXYs"
            ]
        }
    ]
}