{
    "personal_details": {
        "first_name": "cNzrhD5IhV",
        "last_name": "a5DO5MGzRT",
        "age": 46,
        "marital_status": "Divorced",
        "spouse_name": null,
        "children": [
            {
                "name": "MYhJ41rvlR",
                "age": 5
            },
            {
                "name": "IZftPL4wiR",
                "age": 11
            },
            {
                "name": "r3XgkZnZjN",
                "age": 10
            },
            {
                "name": "d0ogkacmV0",
                "age": 1
            }
        ],
        "important_dates": {
            "birthdays": [
                "11/17/1987"
            ],
            "anniversary": null
        },
        "hobbies": [
            "vcXb8kkbXH",
            "VoKetjWFbs",
            "OzH6hOmntl",
            "MXnmw7QMUB"
        ],
        "passion_projects": [
            "WfElcDOAff"
        ]
    },
    "financial_details": {
        "net_worth": 267806,
        "assets": {
            "real_estate": [
                {
                    "type": "Vacation Home",
                    "value": 1482277,
                    "mortgage_balance": 324765
                }
            ],
            "investments": {
                "stocks": 184409,
                "bonds": 134590,
                "mutual_funds": 332735
            },
            "savings": 154743,
            "business_interests": [
                {
                    "name": "UxMYizg5cL",
                    "value": 383476
                }
            ],
            "collectibles": [
                {
                    "type": "Photography Equipment",
                    "value": 16555
                }
            ]
        },
        "liabilities": {
            "total_liabilities": 152456,
            "details": [
                {
                    "type": "Mortgage",
                    "balance": 22514
                }
            ]
        },
        "income": {
            "primary_income": 138189,
            "rental_income": 21288,
            "dividends": 8669,
            "total_income": 164825
        },
        "expenses": {
            "monthly_living_expenses": 8361,
            "discretionary_spending": 1151,
            "upcoming_major_expenses": [
                {
                    "type": "College Tuition",
                    "amount": 49764,
                    "due_date": "8/15/2023"
                }
            ]
        }
    },
    "investment_preferences": {
        "risk_tolerance": "Moderate",
        "portfolio_objectives": "Growth",
        "ethical_preferences": [
            "ESG Investing"
        ],
        "experience": "14 years in stocks"
    },
    "tax_and_estate_planning": {
        "tax_bracket": "14%",
        "strategies": [
            "Charitable Contributions"
        ],
        "estate_plan": {
            "wills": false,
            "trusts": [
                "Charitable Trust"
            ],
            "charitable_goals": [
                {
                    "organization": "YgGGu0ule6",
                    "goal": "Leave $35746 as a bequest"
                }
            ]
        }
    },
    "short_and_long_term_goals": {
        "short_term": [
            "Save $9495 for a vacation"
        ],
        "long_term": [
            "Retire at 60 with $198706 annual income"
        ]
    },
    "communication_preferences": {
        "meeting_frequency": "Monthly",
        "preferred_style": "High-level Summaries",
        "preferred_mediums": [
            "Email"
        ]
    },
    "feedback_and_concerns": {
        "portfolio_performance": "Satisfied",
        "market_concerns": "Inflation",
        "life_changes": "New Job"
    },
    "meeting_notes": [
        {
            "date": "1/27/2023",
            "summary": [
                "nFpzL3bzPy"
            ]
        }
    ]
}