{
    "personal_details": {
        "first_name": "P0MkHq1rNY",
        "last_name": "BZ4a0NLBG6",
        "age": 76,
        "marital_status": "Single",
        "spouse_name": "iHVQA8HFaP",
        "children": [
            {
                "name": "W3ORTTfFZ0",
                "age": 11
            },
            {
                "name": "6gnXGe5eia",
                "age": 17
            },
            {
                "name": "gEr9ZJFmZ2",
                "age": 12
            }
        ],
        "important_dates": {
            "birthdays": [
                "7/17/1984"
            ],
            "anniversary": null
        },
        "hobbies": [
            "bFhSgukJsF",
            "yImcZVfj3h",
            "x1AXkb2kpi"
        ],
        "passion_projects": [
            "csFR75VP3L",
            "zJdsa4zs1D"
        ]
    },
    "financial_details": {
        "net_worth": 2463303,
        "assets": {
            "real_estate": [
                {
                    "type": "Primary Residence",
                    "value": 1473513,
                    "mortgage_balance": 89868
                }
            ],
            "investments": {
                "stocks": 467288,
                "bonds": 38497,
                "mutual_funds": 43264
            },
            "savings": 126306,
            "business_interests": [
                {
                    "name": "r1Z5dmabrJ",
                    "value": 182556
                }
            ],
            "collectibles": [
                {
                    "type": "Art",
                    "value": 21643
                }
            ]
        },
        "liabilities": {
            "total_liabilities": 347302,
            "details": [
                {
                    "type": "Mortgage",
                    "balance": 78905
                }
            ]
        },
        "income": {
            "primary_income": 86499,
            "rental_income": 5190,
            "dividends": 9824,
            "total_income": 105260
        },
        "expenses": {
            "monthly_living_expenses": 1831,
            "discretionary_spending": 1605,
            "upcoming_major_expenses": [
                {
                    "type": "College Tuition",
                    "amount": 35650,
                    "due_date": "6/17/2028"
                }
            ]
        }
    },
    "investment_preferences": {
        "risk_tolerance": "Low",
        "portfolio_objectives": "Growth",
        "ethical_preferences": [
            "ESG Investing"
        ],
        "experience": "20 years in stocks"
    },
    "tax_and_estate_planning": {
        "tax_bracket": "17%",
        "strategies": [
            "Tax-efficient Investments"
        ],
        "estate_plan": {
            "wills": true,
            "trusts": [
                "Charitable Trust"
            ],
            "charitable_goals": [
                {
                    "organization": "Gxj4n14lIC",
                    "goal": "Leave $25684 as a bequest"
                }
            ]
        }
    },
    "short_and_long_term_goals": {
        "short_term": [
            "Save $10303 for a vacation"
        ],
        "long_term": [
            "Retire at 60 with $123145 annual income"
        ]
    },
    "communication_preferences": {
        "meeting_frequency": "Quarterly",
        "preferred_style": "Detailed Analysis",
        "preferred_mediums": [
            "In-person"
        ]
    },
    "feedback_and_concerns": {
        "portfolio_performance": "Satisfied",
        "market_concerns": "Recession",
        "life_changes": "Retirement"
    },
    "meeting_notes": [
        {
            "date": "12/19/2028",
            "summary": [
                "i4bhwMtZfW"
            ]
        }
    ]
}