{
    "personal_details": {
        "first_name": "sXuTvDNVzo",
        "last_name": "FEPE6zDwKP",
        "age": 71,
        "marital_status": "Single",
        "spouse_name": null,
        "children": [
            {
                "name": "mtORfta2RU",
                "age": 4
            },
            {
                "name": "4XbXwoFl3M",
                "age": 15
            }
        ],
        "important_dates": {
            "birthdays": [
                "8/19/1983"
            ],
            "anniversary": null
        },
        "hobbies": [
            "5RwiaT1GfU"
        ],
        "passion_projects": [
            "bAYYMDh8kD",
            "d3XpICpVsy"
        ]
    },
    "financial_details": {
        "net_worth": 592463,
        "assets": {
            "real_estate": [
                {
                    "type": "Primary Residence",
                    "value": 1298258,
                    "mortgage_balance": 423467
                }
            ],
            "investments": {
                "stocks": 51826,
                "bonds": 35567,
                "mutual_funds": 113538
            },
            "savings": 160088,
            "business_interests": [
                {
                    "name": "mSjrgFnOPJ",
                    "value": 847010
                }
            ],
            "collectibles": [
                {
                    "type": "Art",
                    "value": 1700
                }
            ]
        },
        "liabilities": {
            "total_liabilities": 232248,
            "details": [
                {
                    "type": "Student Loan",
                    "balance": 46190
                }
            ]
        },
        "income": {
            "primary_income": 182058,
            "rental_income": 27234,
            "dividends": 3371,
            "total_income": 221722
        },
        "expenses": {
            "monthly_living_expenses": 1708,
            "discretionary_spending": 2452,
            "upcoming_major_expenses": [
                {
                    "type": "College Tuition",
                    "amount": 40711,
                    "due_date": "8/14/2028"
                }
            ]
        }
    },
    "investment_preferences": {
        "risk_tolerance": "Moderate",
        "portfolio_objectives": "Income Generation",
        "ethical_preferences": [
            "ESG Investing"
        ],
        "experience": "4 years in stocks"
    },
    "tax_and_estate_planning": {
        "tax_bracket": "10%",
        "strategies": [
            "Charitable Contributions"
        ],
        "estate_plan": {
            "wills": false,
            "trusts": [
                "Family Trust"
            ],
            "charitable_goals": [
                {
                    "organization": "jHQsQbVvAZ",
                    "goal": "Leave $78602 as a bequest"
                }
            ]
        }
    },
    "short_and_long_term_goals": {
        "short_term": [
            "Save $14047 for a vacation"
        ],
        "long_term": [
            "Retire at 60 with $79907 annual income"
        ]
    },
    "communication_preferences": {
        "meeting_frequency": "Monthly",
        "preferred_style": "Detailed Analysis",
        "preferred_mediums": [
            "Email"
        ]
    },
    "feedback_and_concerns": {
        "portfolio_performance": "Satisfied",
        "market_concerns": "Recession",
        "life_changes": "Retirement"
    },
    "meeting_notes": [
        {
            "date": "12/18/2026",
            "summary": [
                "3mbqcIn2Oa"
            ]
        }
    ]
}