{
    "personal_details": {
        "first_name": "qQCmfDmvEK",
        "last_name": "D1B2LefKZb",
        "age": 58,
        "marital_status": "Married",
        "spouse_name": "TFcSt8SXaL",
        "children": [
            {
                "name": "UFdUImwkhn",
                "age": 8
            },
            {
                "name": "iV2rcJSnJv",
                "age": 13
            }
        ],
        "important_dates": {
            "birthdays": [
                "3/24/1984"
            ],
            "anniversary": "4/7/2008"
        },
        "hobbies": [
            "3cSctFS9B4",
            "IrQMhjnoBm"
        ],
        "passion_projects": [
            "9i6j9Ch9V4",
            "oIelN8w0Ur",
            "LRu3hrhtoF"
        ]
    },
    "financial_details": {
        "net_worth": 4162445,
        "assets": {
            "real_estate": [
                {
                    "type": "Primary Residence",
                    "value": 865476,
                    "mortgage_balance": 863311
                }
            ],
            "investments": {
                "stocks": 95574,
                "bonds": 187079,
                "mutual_funds": 356090
            },
            "savings": 74701,
            "business_interests": [
                {
                    "name": "7dK2LuZvm0",
                    "value": 698050
                }
            ],
            "collectibles": [
                {
                    "type": "Photography Equipment",
                    "value": 31892
                }
            ]
        },
        "liabilities": {
            "total_liabilities": 451127,
            "details": [
                {
                    "type": "Mortgage",
                    "balance": 2993
                }
            ]
        },
        "income": {
            "primary_income": 94291,
            "rental_income": 2660,
            "dividends": 18526,
            "total_income": 128195
        },
        "expenses": {
            "monthly_living_expenses": 4581,
            "discretionary_spending": 4591,
            "upcoming_major_expenses": [
                {
                    "type": "College Tuition",
                    "amount": 7285,
                    "due_date": "3/15/2027"
                }
            ]
        }
    },
    "investment_preferences": {
        "risk_tolerance": "High",
        "portfolio_objectives": "Income Generation",
        "ethical_preferences": [
            "ESG Investing"
        ],
        "experience": "8 years in stocks"
    },
    "tax_and_estate_planning": {
        "tax_bracket": "14%",
        "strategies": [
            "Charitable Contributions"
        ],
        "estate_plan": {
            "wills": true,
            "trusts": [
                "Family Trust"
            ],
            "charitable_goals": [
                {
                    "organization": "R4Y8gTlXwt",
                    "goal": "Leave $4281 as a bequest"
                }
            ]
        }
    },
    "short_and_long_term_goals": {
        "short_term": [
            "Save $16736 for a vacation"
        ],
        "long_term": [
            "Retire at 60 with $132923 annual income"
        ]
    },
    "communication_preferences": {
        "meeting_frequency": "Monthly",
        "preferred_style": "High-level Summaries",
        "preferred_mediums": [
            "Email"
        ]
    },
    "feedback_and_concerns": {
        "portfolio_performance": "Satisfied",
        "market_concerns": "Interest Rates",
        "life_changes": "New Job"
    },
    "meeting_notes": [
        {
            "date": "12/13/2026",
            "summary": [
                "sipRwdTkYn"
            ]
        }
    ]
}