{
    "personal_details": {
        "first_name": "ad2CVxfP1o",
        "last_name": "KwWzvB439z",
        "age": 52,
        "marital_status": "Married",
        "spouse_name": null,
        "children": [
            {
                "name": "FQJLOsWSm1",
                "age": 15
            }
        ],
        "important_dates": {
            "birthdays": [
                "3/28/1986"
            ],
            "anniversary": null
        },
        "hobbies": [
            "3os5d8saYT",
            "bUuP0ENBdy"
        ],
        "passion_projects": [
            "Q5cnw9Ov3c",
            "vFDN10AFYp"
        ]
    },
    "financial_details": {
        "net_worth": 4718299,
        "assets": {
            "real_estate": [
                {
                    "type": "Rental Property",
                    "value": 1304750,
                    "mortgage_balance": 475751
                }
            ],
            "investments": {
                "stocks": 204267,
                "bonds": 63398,
                "mutual_funds": 49840
            },
            "savings": 68999,
            "business_interests": [
                {
                    "name": "ZztBlOL6pQ",
                    "value": 731373
                }
            ],
            "collectibles": [
                {
                    "type": "Photography Equipment",
                    "value": 1220
                }
            ]
        },
        "liabilities": {
            "total_liabilities": 356408,
            "details": [
                {
                    "type": "Student Loan",
                    "balance": 93754
                }
            ]
        },
        "income": {
            "primary_income": 169391,
            "rental_income": 12322,
            "dividends": 11463,
            "total_income": 116243
        },
        "expenses": {
            "monthly_living_expenses": 5454,
            "discretionary_spending": 1470,
            "upcoming_major_expenses": [
                {
                    "type": "College Tuition",
                    "amount": 34928,
                    "due_date": "2/13/2027"
                }
            ]
        }
    },
    "investment_preferences": {
        "risk_tolerance": "Low",
        "portfolio_objectives": "Growth",
        "ethical_preferences": [
            "Sustainable Investing"
        ],
        "experience": "10 years in stocks"
    },
    "tax_and_estate_planning": {
        "tax_bracket": "33%",
        "strategies": [
            "Tax-efficient Investments"
        ],
        "estate_plan": {
            "wills": false,
            "trusts": [
                "Family Trust"
            ],
            "charitable_goals": [
                {
                    "organization": "2qMghKErG0",
                    "goal": "Leave $69429 as a bequest"
                }
            ]
        }
    },
    "short_and_long_term_goals": {
        "short_term": [
            "Save $7107 for a vacation"
        ],
        "long_term": [
            "Retire at 60 with $101734 annual income"
        ]
    },
    "communication_preferences": {
        "meeting_frequency": "Annually",
        "preferred_style": "High-level Summaries",
        "preferred_mediums": [
            "Phone"
        ]
    },
    "feedback_and_concerns": {
        "portfolio_performance": "Concerned about returns",
        "market_concerns": "Recession",
        "life_changes": "Marriage"
    },
    "meeting_notes": [
        {
            "date": "10/2/2027",
            "summary": [
                "VKIhIUBhan"
            ]
        }
    ]
}