{
    "personal_details": {
        "first_name": "5JWWl8dTfo",
        "last_name": "JFd0HPImQ9",
        "age": 60,
        "marital_status": "Divorced",
        "spouse_name": null,
        "children": [
            {
                "name": "QCxWlLgju0",
                "age": 9
            }
        ],
        "important_dates": {
            "birthdays": [
                "8/15/1981"
            ],
            "anniversary": "4/27/2005"
        },
        "hobbies": [
            "kmmhEj0dmE"
        ],
        "passion_projects": [
            "QZKcRzU1bR",
            "3J7lCUS4Mi"
        ]
    },
    "financial_details": {
        "net_worth": 235701,
        "assets": {
            "real_estate": [
                {
                    "type": "Rental Property",
                    "value": 707139,
                    "mortgage_balance": 566697
                }
            ],
            "investments": {
                "stocks": 208813,
                "bonds": 31866,
                "mutual_funds": 108918
            },
            "savings": 175164,
            "business_interests": [
                {
                    "name": "APx7Iq5uDc",
                    "value": 234475
                }
            ],
            "collectibles": [
                {
                    "type": "Photography Equipment",
                    "value": 8589
                }
            ]
        },
        "liabilities": {
            "total_liabilities": 289603,
            "details": [
                {
                    "type": "Mortgage",
                    "balance": 39451
                }
            ]
        },
        "income": {
            "primary_income": 120651,
            "rental_income": 46477,
            "dividends": 16866,
            "total_income": 62713
        },
        "expenses": {
            "monthly_living_expenses": 2954,
            "discretionary_spending": 2262,
            "upcoming_major_expenses": [
                {
                    "type": "College Tuition",
                    "amount": 21402,
                    "due_date": "9/16/2026"
                }
            ]
        }
    },
    "investment_preferences": {
        "risk_tolerance": "Moderate",
        "portfolio_objectives": "Income Generation",
        "ethical_preferences": [
            "ESG Investing"
        ],
        "experience": "8 years in stocks"
    },
    "tax_and_estate_planning": {
        "tax_bracket": "20%",
        "strategies": [
            "Tax-efficient Investments"
        ],
        "estate_plan": {
            "wills": true,
            "trusts": [
                "Charitable Trust"
            ],
            "charitable_goals": [
                {
                    "organization": "2pVQcJFGrS",
                    "goal": "Leave $5034 as a bequest"
                }
            ]
        }
    },
    "short_and_long_term_goals": {
        "short_term": [
            "Save $16848 for a vacation"
        ],
        "long_term": [
            "Retire at 60 with $195180 annual income"
        ]
    },
    "communication_preferences": {
        "meeting_frequency": "Quarterly",
        "preferred_style": "Detailed Analysis",
        "preferred_mediums": [
            "Phone"
        ]
    },
    "feedback_and_concerns": {
        "portfolio_performance": "Satisfied",
        "market_concerns": "Recession",
        "life_changes": "New Job"
    },
    "meeting_notes": [
        {
            "date": "3/6/2028",
            "summary": [
                "udj45Hrn19"
            ]
        }
    ]
}