{
    "personal_details": {
        "first_name": "zYILm2C7Nl",
        "last_name": "bbXNmg5ixJ",
        "age": 25,
        "marital_status": "Married",
        "spouse_name": "ka5m5CNdia",
        "children": [
            {
                "name": "nHaHliaKwg",
                "age": 7
            },
            {
                "name": "BeG4UQl2T9",
                "age": 18
            },
            {
                "name": "pqbFCsrp7y",
                "age": 5
            }
        ],
        "important_dates": {
            "birthdays": [
                "6/25/1988"
            ],
            "anniversary": null
        },
        "hobbies": [
            "0afgb7Wnkw",
            "NJLO2PBbbY",
            "2Qhuo2epBJ",
            "UWOJ0p9zH9",
            "r9bsUBBobG"
        ],
        "passion_projects": [
            "rWe9YU7tkB"
        ]
    },
    "financial_details": {
        "net_worth": 4072655,
        "assets": {
            "real_estate": [
                {
                    "type": "Vacation Home",
                    "value": 107704,
                    "mortgage_balance": 402502
                }
            ],
            "investments": {
                "stocks": 293887,
                "bonds": 139844,
                "mutual_funds": 208175
            },
            "savings": 90272,
            "business_interests": [
                {
                    "name": "7WGhAdR5dG",
                    "value": 639893
                }
            ],
            "collectibles": [
                {
                    "type": "Photography Equipment",
                    "value": 20890
                }
            ]
        },
        "liabilities": {
            "total_liabilities": 237323,
            "details": [
                {
                    "type": "Student Loan",
                    "balance": 59918
                }
            ]
        },
        "income": {
            "primary_income": 137627,
            "rental_income": 12952,
            "dividends": 19658,
            "total_income": 77917
        },
        "expenses": {
            "monthly_living_expenses": 5028,
            "discretionary_spending": 1999,
            "upcoming_major_expenses": [
                {
                    "type": "College Tuition",
                    "amount": 28105,
                    "due_date": "5/11/2029"
                }
            ]
        }
    },
    "investment_preferences": {
        "risk_tolerance": "Low",
        "portfolio_objectives": "Growth",
        "ethical_preferences": [
            "Sustainable Investing"
        ],
        "experience": "10 years in stocks"
    },
    "tax_and_estate_planning": {
        "tax_bracket": "14%",
        "strategies": [
            "Tax-efficient Investments"
        ],
        "estate_plan": {
            "wills": true,
            "trusts": [
                "Family Trust"
            ],
            "charitable_goals": [
                {
                    "organization": "BFntqtq1pP",
                    "goal": "Leave $53047 as a bequest"
                }
            ]
        }
    },
    "short_and_long_term_goals": {
        "short_term": [
            "Save $9863 for a vacation"
        ],
        "long_term": [
            "Retire at 60 with $195780 annual income"
        ]
    },
    "communication_preferences": {
        "meeting_frequency": "Annually",
        "preferred_style": "High-level Summaries",
        "preferred_mediums": [
            "Phone"
        ]
    },
    "feedback_and_concerns": {
        "portfolio_performance": "Concerned about returns",
        "market_concerns": "Interest Rates",
        "life_changes": "Retirement"
    },
    "meeting_notes": [
        {
            "date": "5/10/2025",
            "summary": [
                "c7phUjLgRH"
            ]
        }
    ]
}