{
    "personal_details": {
        "first_name": "faE7jbAPwa",
        "last_name": "G2yIAOJ3wZ",
        "age": 72,
        "marital_status": "Divorced",
        "spouse_name": null,
        "children": [
            {
                "name": "a21ymfYi4t",
                "age": 8
            },
            {
                "name": "skEk72H7K3",
                "age": 17
            },
            {
                "name": "xJcnRWI24g",
                "age": 6
            }
        ],
        "important_dates": {
            "birthdays": [
                "3/17/1986"
            ],
            "anniversary": null
        },
        "hobbies": [
            "YdPdd6mOoV",
            "e3ZTEFxOcG",
            "t5FoXadD1s",
            "7uVXfxBbkC",
            "CtCvB0mr6e"
        ],
        "passion_projects": [
            "oOImR4YbNX",
            "lfibjMfGUQ"
        ]
    },
    "financial_details": {
        "net_worth": 3299002,
        "assets": {
            "real_estate": [
                {
                    "type": "Rental Property",
                    "value": 612918,
                    "mortgage_balance": 605984
                }
            ],
            "investments": {
                "stocks": 470319,
                "bonds": 254447,
                "mutual_funds": 155138
            },
            "savings": 71127,
            "business_interests": [
                {
                    "name": "L57QE32Tj8",
                    "value": 723264
                }
            ],
            "collectibles": [
                {
                    "type": "Art",
                    "value": 22882
                }
            ]
        },
        "liabilities": {
            "total_liabilities": 347047,
            "details": [
                {
                    "type": "Mortgage",
                    "balance": 6119
                }
            ]
        },
        "income": {
            "primary_income": 164451,
            "rental_income": 6830,
            "dividends": 5318,
            "total_income": 210845
        },
        "expenses": {
            "monthly_living_expenses": 1576,
            "discretionary_spending": 2280,
            "upcoming_major_expenses": [
                {
                    "type": "College Tuition",
                    "amount": 9830,
                    "due_date": "10/8/2028"
                }
            ]
        }
    },
    "investment_preferences": {
        "risk_tolerance": "Moderate",
        "portfolio_objectives": "Growth",
        "ethical_preferences": [
            "ESG Investing"
        ],
        "experience": "10 years in stocks"
    },
    "tax_and_estate_planning": {
        "tax_bracket": "24%",
        "strategies": [
            "Tax-efficient Investments"
        ],
        "estate_plan": {
            "wills": true,
            "trusts": [
                "Family Trust"
            ],
            "charitable_goals": [
                {
                    "organization": "3nBnsa3OXO",
                    "goal": "Leave $40171 as a bequest"
                }
            ]
        }
    },
    "short_and_long_term_goals": {
        "short_term": [
            "Save $11470 for a vacation"
        ],
        "long_term": [
            "Retire at 60 with $68879 annual income"
        ]
    },
    "communication_preferences": {
        "meeting_frequency": "Annually",
        "preferred_style": "High-level Summaries",
        "preferred_mediums": [
            "Phone"
        ]
    },
    "feedback_and_concerns": {
        "portfolio_performance": "Satisfied",
        "market_concerns": "Recession",
        "life_changes": "New Job"
    },
    "meeting_notes": [
        {
            "date": "4/22/2023",
            "summary": [
                "HScyUxaEku"
            ]
        }
    ]
}