{
    "personal_details": {
        "first_name": "CXNryUokwp",
        "last_name": "GKN4v3mneV",
        "age": 22,
        "marital_status": "Single",
        "spouse_name": "Cnes3FkkaT",
        "children": [
            {
                "name": "xXN6CR6KqV",
                "age": 18
            },
            {
                "name": "5rfiGEBIzJ",
                "age": 11
            },
            {
                "name": "IwGyqG3Sv0",
                "age": 11
            }
        ],
        "important_dates": {
            "birthdays": [
                "11/4/1989"
            ],
            "anniversary": null
        },
        "hobbies": [
            "lB3Zfcl010"
        ],
        "passion_projects": [
            "5WaM53cagq",
            "0XRPSQEPoD"
        ]
    },
    "financial_details": {
        "net_worth": 1091807,
        "assets": {
            "real_estate": [
                {
                    "type": "Vacation Home",
                    "value": 122214,
                    "mortgage_balance": 998430
                }
            ],
            "investments": {
                "stocks": 479866,
                "bonds": 247534,
                "mutual_funds": 57492
            },
            "savings": 39584,
            "business_interests": [
                {
                    "name": "EFj2AFdIjx",
                    "value": 71764
                }
            ],
            "collectibles": [
                {
                    "type": "Art",
                    "value": 2366
                }
            ]
        },
        "liabilities": {
            "total_liabilities": 223738,
            "details": [
                {
                    "type": "Car Loan",
                    "balance": 70184
                }
            ]
        },
        "income": {
            "primary_income": 82914,
            "rental_income": 43944,
            "dividends": 4571,
            "total_income": 213721
        },
        "expenses": {
            "monthly_living_expenses": 1242,
            "discretionary_spending": 1187,
            "upcoming_major_expenses": [
                {
                    "type": "College Tuition",
                    "amount": 45097,
                    "due_date": "4/14/2028"
                }
            ]
        }
    },
    "investment_preferences": {
        "risk_tolerance": "High",
        "portfolio_objectives": "Income Generation",
        "ethical_preferences": [
            "ESG Investing"
        ],
        "experience": "15 years in stocks"
    },
    "tax_and_estate_planning": {
        "tax_bracket": "34%",
        "strategies": [
            "Tax-efficient Investments"
        ],
        "estate_plan": {
            "wills": true,
            "trusts": [
                "Family Trust"
            ],
            "charitable_goals": [
                {
                    "organization": "N048STkq7v",
                    "goal": "Leave $87503 as a bequest"
                }
            ]
        }
    },
    "short_and_long_term_goals": {
        "short_term": [
            "Save $13442 for a vacation"
        ],
        "long_term": [
            "Retire at 60 with $179805 annual income"
        ]
    },
    "communication_preferences": {
        "meeting_frequency": "Annually",
        "preferred_style": "Detailed Analysis",
        "preferred_mediums": [
            "Email"
        ]
    },
    "feedback_and_concerns": {
        "portfolio_performance": "Satisfied",
        "market_concerns": "Interest Rates",
        "life_changes": "Retirement"
    },
    "meeting_notes": [
        {
            "date": "10/3/2027",
            "summary": [
                "sCS0xbHkkD"
            ]
        }
    ]
}