{
    "personal_details": {
        "first_name": "qb1UcNRZd9",
        "last_name": "EAjAohsmJc",
        "age": 55,
        "marital_status": "Divorced",
        "spouse_name": "zBx7JThul9",
        "children": [
            {
                "name": "ulZfvnCNte",
                "age": 11
            }
        ],
        "important_dates": {
            "birthdays": [
                "1/1/1986"
            ],
            "anniversary": "4/8/2009"
        },
        "hobbies": [
            "8vIfXdHLUV",
            "tEzy3aKWgY",
            "5ZVrYILtva"
        ],
        "passion_projects": [
            "oePyHphGbu"
        ]
    },
    "financial_details": {
        "net_worth": 3411681,
        "assets": {
            "real_estate": [
                {
                    "type": "Vacation Home",
                    "value": 1018466,
                    "mortgage_balance": 355016
                }
            ],
            "investments": {
                "stocks": 91199,
                "bonds": 84038,
                "mutual_funds": 99343
            },
            "savings": 127454,
            "business_interests": [
                {
                    "name": "mvnUw3w2eH",
                    "value": 936551
                }
            ],
            "collectibles": [
                {
                    "type": "Photography Equipment",
                    "value": 40686
                }
            ]
        },
        "liabilities": {
            "total_liabilities": 152427,
            "details": [
                {
                    "type": "Mortgage",
                    "balance": 67622
                }
            ]
        },
        "income": {
            "primary_income": 49283,
            "rental_income": 24412,
            "dividends": 17223,
            "total_income": 220902
        },
        "expenses": {
            "monthly_living_expenses": 5771,
            "discretionary_spending": 4006,
            "upcoming_major_expenses": [
                {
                    "type": "College Tuition",
                    "amount": 26213,
                    "due_date": "5/28/2024"
                }
            ]
        }
    },
    "investment_preferences": {
        "risk_tolerance": "Moderate",
        "portfolio_objectives": "Growth",
        "ethical_preferences": [
            "ESG Investing"
        ],
        "experience": "5 years in stocks"
    },
    "tax_and_estate_planning": {
        "tax_bracket": "12%",
        "strategies": [
            "Charitable Contributions"
        ],
        "estate_plan": {
            "wills": false,
            "trusts": [
                "Family Trust"
            ],
            "charitable_goals": [
                {
                    "organization": "ENPOghtiY9",
                    "goal": "Leave $41407 as a bequest"
                }
            ]
        }
    },
    "short_and_long_term_goals": {
        "short_term": [
            "Save $18301 for a vacation"
        ],
        "long_term": [
            "Retire at 60 with $120094 annual income"
        ]
    },
    "communication_preferences": {
        "meeting_frequency": "Annually",
        "preferred_style": "Detailed Analysis",
        "preferred_mediums": [
            "In-person"
        ]
    },
    "feedback_and_concerns": {
        "portfolio_performance": "Satisfied",
        "market_concerns": "Inflation",
        "life_changes": "Marriage"
    },
    "meeting_notes": [
        {
            "date": "1/20/2023",
            "summary": [
                "bHxItHa0m7"
            ]
        }
    ]
}