{
    "personal_details": {
        "first_name": "6ktxcEWCGd",
        "last_name": "1eaSuNodLw",
        "age": 41,
        "marital_status": "Single",
        "spouse_name": "iGp57AkKGf",
        "children": [],
        "important_dates": {
            "birthdays": [
                "11/1/1988"
            ],
            "anniversary": null
        },
        "hobbies": [
            "10UYOBvOIa",
            "JaKVvIFNPt"
        ],
        "passion_projects": [
            "fhdzGE4kCE"
        ]
    },
    "financial_details": {
        "net_worth": 3227385,
        "assets": {
            "real_estate": [
                {
                    "type": "Primary Residence",
                    "value": 1102423,
                    "mortgage_balance": 775572
                }
            ],
            "investments": {
                "stocks": 162330,
                "bonds": 97475,
                "mutual_funds": 329614
            },
            "savings": 96455,
            "business_interests": [
                {
                    "name": "LCJlibSYlq",
                    "value": 235655
                }
            ],
            "collectibles": [
                {
                    "type": "Photography Equipment",
                    "value": 31956
                }
            ]
        },
        "liabilities": {
            "total_liabilities": 30737,
            "details": [
                {
                    "type": "Student Loan",
                    "balance": 85676
                }
            ]
        },
        "income": {
            "primary_income": 108872,
            "rental_income": 28255,
            "dividends": 17980,
            "total_income": 218761
        },
        "expenses": {
            "monthly_living_expenses": 8501,
            "discretionary_spending": 1439,
            "upcoming_major_expenses": [
                {
                    "type": "College Tuition",
                    "amount": 33276,
                    "due_date": "7/28/2024"
                }
            ]
        }
    },
    "investment_preferences": {
        "risk_tolerance": "Moderate",
        "portfolio_objectives": "Growth",
        "ethical_preferences": [
            "Sustainable Investing"
        ],
        "experience": "6 years in stocks"
    },
    "tax_and_estate_planning": {
        "tax_bracket": "15%",
        "strategies": [
            "Charitable Contributions"
        ],
        "estate_plan": {
            "wills": false,
            "trusts": [
                "Family Trust"
            ],
            "charitable_goals": [
                {
                    "organization": "RyRNdjVCHg",
                    "goal": "Leave $1215 as a bequest"
                }
            ]
        }
    },
    "short_and_long_term_goals": {
        "short_term": [
            "Save $7361 for a vacation"
        ],
        "long_term": [
            "Retire at 60 with $178920 annual income"
        ]
    },
    "communication_preferences": {
        "meeting_frequency": "Quarterly",
        "preferred_style": "Detailed Analysis",
        "preferred_mediums": [
            "Email"
        ]
    },
    "feedback_and_concerns": {
        "portfolio_performance": "Concerned about returns",
        "market_concerns": "Inflation",
        "life_changes": "Marriage"
    },
    "meeting_notes": [
        {
            "date": "7/6/2024",
            "summary": [
                "iRpUTcBz63"
            ]
        }
    ]
}