{
    "personal_details": {
        "first_name": "3R8exsBUpr",
        "last_name": "HhAHwukEfe",
        "age": 73,
        "marital_status": "Divorced",
        "spouse_name": "UAUswFwinO",
        "children": [],
        "important_dates": {
            "birthdays": [
                "12/1/1989"
            ],
            "anniversary": "7/14/2001"
        },
        "hobbies": [
            "VVvQzNGrFq"
        ],
        "passion_projects": [
            "FzRkYbRtns"
        ]
    },
    "financial_details": {
        "net_worth": 772964,
        "assets": {
            "real_estate": [
                {
                    "type": "Vacation Home",
                    "value": 1183814,
                    "mortgage_balance": 689925
                }
            ],
            "investments": {
                "stocks": 441141,
                "bonds": 197500,
                "mutual_funds": 288605
            },
            "savings": 92772,
            "business_interests": [
                {
                    "name": "wCcDh6pDhR",
                    "value": 191205
                }
            ],
            "collectibles": [
                {
                    "type": "Art",
                    "value": 1566
                }
            ]
        },
        "liabilities": {
            "total_liabilities": 20129,
            "details": [
                {
                    "type": "Mortgage",
                    "balance": 42581
                }
            ]
        },
        "income": {
            "primary_income": 178313,
            "rental_income": 36210,
            "dividends": 19048,
            "total_income": 209398
        },
        "expenses": {
            "monthly_living_expenses": 9888,
            "discretionary_spending": 4558,
            "upcoming_major_expenses": [
                {
                    "type": "College Tuition",
                    "amount": 36115,
                    "due_date": "6/9/2026"
                }
            ]
        }
    },
    "investment_preferences": {
        "risk_tolerance": "Low",
        "portfolio_objectives": "Income Generation",
        "ethical_preferences": [
            "ESG Investing"
        ],
        "experience": "14 years in stocks"
    },
    "tax_and_estate_planning": {
        "tax_bracket": "19%",
        "strategies": [
            "Charitable Contributions"
        ],
        "estate_plan": {
            "wills": false,
            "trusts": [
                "Charitable Trust"
            ],
            "charitable_goals": [
                {
                    "organization": "kwoPHoDOhm",
                    "goal": "Leave $79187 as a bequest"
                }
            ]
        }
    },
    "short_and_long_term_goals": {
        "short_term": [
            "Save $18037 for a vacation"
        ],
        "long_term": [
            "Retire at 60 with $108562 annual income"
        ]
    },
    "communication_preferences": {
        "meeting_frequency": "Quarterly",
        "preferred_style": "Detailed Analysis",
        "preferred_mediums": [
            "Email"
        ]
    },
    "feedback_and_concerns": {
        "portfolio_performance": "Satisfied",
        "market_concerns": "Inflation",
        "life_changes": "Marriage"
    },
    "meeting_notes": [
        {
            "date": "11/15/2028",
            "summary": [
                "5Fmlbwtof9"
            ]
        }
    ]
}