{
    "personal_details": {
        "first_name": "AZY0VBPU3W",
        "last_name": "e9nLm0itsR",
        "age": 68,
        "marital_status": "Single",
        "spouse_name": "dh0NdzgfQV",
        "children": [
            {
                "name": "ZzNqQ5paRb",
                "age": 13
            },
            {
                "name": "10GwLUYaXX",
                "age": 3
            },
            {
                "name": "LJeJHeE4QT",
                "age": 12
            },
            {
                "name": "9bGncpv1Ac",
                "age": 14
            }
        ],
        "important_dates": {
            "birthdays": [
                "10/18/1981"
            ],
            "anniversary": null
        },
        "hobbies": [
            "lCTInjp6wC",
            "VSg2NGBvER",
            "jG2VDV1Cqt"
        ],
        "passion_projects": [
            "Osm3UH2njm",
            "5KiWO6Gdoi"
        ]
    },
    "financial_details": {
        "net_worth": 1748920,
        "assets": {
            "real_estate": [
                {
                    "type": "Rental Property",
                    "value": 282998,
                    "mortgage_balance": 316220
                }
            ],
            "investments": {
                "stocks": 446733,
                "bonds": 72291,
                "mutual_funds": 212729
            },
            "savings": 180660,
            "business_interests": [
                {
                    "name": "ZW2MvN50MP",
                    "value": 197680
                }
            ],
            "collectibles": [
                {
                    "type": "Art",
                    "value": 3209
                }
            ]
        },
        "liabilities": {
            "total_liabilities": 268193,
            "details": [
                {
                    "type": "Mortgage",
                    "balance": 8794
                }
            ]
        },
        "income": {
            "primary_income": 137030,
            "rental_income": 40594,
            "dividends": 15024,
            "total_income": 166961
        },
        "expenses": {
            "monthly_living_expenses": 3413,
            "discretionary_spending": 1394,
            "upcoming_major_expenses": [
                {
                    "type": "College Tuition",
                    "amount": 16912,
                    "due_date": "8/15/2025"
                }
            ]
        }
    },
    "investment_preferences": {
        "risk_tolerance": "High",
        "portfolio_objectives": "Income Generation",
        "ethical_preferences": [
            "Sustainable Investing"
        ],
        "experience": "6 years in stocks"
    },
    "tax_and_estate_planning": {
        "tax_bracket": "27%",
        "strategies": [
            "Charitable Contributions"
        ],
        "estate_plan": {
            "wills": true,
            "trusts": [
                "Family Trust"
            ],
            "charitable_goals": [
                {
                    "organization": "F7c3E98vsh",
                    "goal": "Leave $37255 as a bequest"
                }
            ]
        }
    },
    "short_and_long_term_goals": {
        "short_term": [
            "Save $3306 for a vacation"
        ],
        "long_term": [
            "Retire at 60 with $105707 annual income"
        ]
    },
    "communication_preferences": {
        "meeting_frequency": "Quarterly",
        "preferred_style": "Detailed Analysis",
        "preferred_mediums": [
            "Phone"
        ]
    },
    "feedback_and_concerns": {
        "portfolio_performance": "Satisfied",
        "market_concerns": "Interest Rates",
        "life_changes": "Marriage"
    },
    "meeting_notes": [
        {
            "date": "5/25/2026",
            "summary": [
                "ij9jlRQ3oA"
            ]
        }
    ]
}