{
    "personal_details": {
        "first_name": "aEEzugTpde",
        "last_name": "PwhS4FsWRE",
        "age": 75,
        "marital_status": "Divorced",
        "spouse_name": null,
        "children": [],
        "important_dates": {
            "birthdays": [
                "1/5/1985"
            ],
            "anniversary": "2/1/2008"
        },
        "hobbies": [
            "bb4828ZKxq",
            "kIvbd2aD7G",
            "T8UM5CUVU0",
            "3GLWRjr1fR",
            "1UhiQ8a6V0"
        ],
        "passion_projects": [
            "g3z20D2x9R",
            "7cW8NcGXF6"
        ]
    },
    "financial_details": {
        "net_worth": 4521709,
        "assets": {
            "real_estate": [
                {
                    "type": "Primary Residence",
                    "value": 1257262,
                    "mortgage_balance": 856020
                }
            ],
            "investments": {
                "stocks": 12774,
                "bonds": 276304,
                "mutual_funds": 305914
            },
            "savings": 43748,
            "business_interests": [
                {
                    "name": "cpn0RYk3wO",
                    "value": 438775
                }
            ],
            "collectibles": [
                {
                    "type": "Photography Equipment",
                    "value": 40057
                }
            ]
        },
        "liabilities": {
            "total_liabilities": 222110,
            "details": [
                {
                    "type": "Mortgage",
                    "balance": 39650
                }
            ]
        },
        "income": {
            "primary_income": 67661,
            "rental_income": 914,
            "dividends": 3431,
            "total_income": 130317
        },
        "expenses": {
            "monthly_living_expenses": 9945,
            "discretionary_spending": 4782,
            "upcoming_major_expenses": [
                {
                    "type": "College Tuition",
                    "amount": 16122,
                    "due_date": "11/8/2027"
                }
            ]
        }
    },
    "investment_preferences": {
        "risk_tolerance": "Moderate",
        "portfolio_objectives": "Income Generation",
        "ethical_preferences": [
            "Sustainable Investing"
        ],
        "experience": "17 years in stocks"
    },
    "tax_and_estate_planning": {
        "tax_bracket": "27%",
        "strategies": [
            "Tax-efficient Investments"
        ],
        "estate_plan": {
            "wills": false,
            "trusts": [
                "Family Trust"
            ],
            "charitable_goals": [
                {
                    "organization": "OAvHWsRC8M",
                    "goal": "Leave $55364 as a bequest"
                }
            ]
        }
    },
    "short_and_long_term_goals": {
        "short_term": [
            "Save $7409 for a vacation"
        ],
        "long_term": [
            "Retire at 60 with $88029 annual income"
        ]
    },
    "communication_preferences": {
        "meeting_frequency": "Quarterly",
        "preferred_style": "High-level Summaries",
        "preferred_mediums": [
            "Phone"
        ]
    },
    "feedback_and_concerns": {
        "portfolio_performance": "Concerned about returns",
        "market_concerns": "Recession",
        "life_changes": "Retirement"
    },
    "meeting_notes": [
        {
            "date": "2/27/2029",
            "summary": [
                "cxTq0PPoDu"
            ]
        }
    ]
}