{
    "personal_details": {
        "first_name": "pMUZ0IcNY1",
        "last_name": "ZDBwSoaeGl",
        "age": 29,
        "marital_status": "Divorced",
        "spouse_name": "26Ns9XinXC",
        "children": [],
        "important_dates": {
            "birthdays": [
                "7/9/1988"
            ],
            "anniversary": null
        },
        "hobbies": [
            "8ruFxxDttl",
            "Q3ogGPcJhl",
            "oK0DK9ejzj",
            "SCrizCLdTv"
        ],
        "passion_projects": [
            "dXDBRQ3j2Q"
        ]
    },
    "financial_details": {
        "net_worth": 645494,
        "assets": {
            "real_estate": [
                {
                    "type": "Primary Residence",
                    "value": 231210,
                    "mortgage_balance": 827079
                }
            ],
            "investments": {
                "stocks": 424726,
                "bonds": 54169,
                "mutual_funds": 154620
            },
            "savings": 14593,
            "business_interests": [
                {
                    "name": "vGGlz6bRaN",
                    "value": 580708
                }
            ],
            "collectibles": [
                {
                    "type": "Photography Equipment",
                    "value": 9332
                }
            ]
        },
        "liabilities": {
            "total_liabilities": 264192,
            "details": [
                {
                    "type": "Car Loan",
                    "balance": 83237
                }
            ]
        },
        "income": {
            "primary_income": 181476,
            "rental_income": 15569,
            "dividends": 382,
            "total_income": 164971
        },
        "expenses": {
            "monthly_living_expenses": 2618,
            "discretionary_spending": 4161,
            "upcoming_major_expenses": [
                {
                    "type": "College Tuition",
                    "amount": 35956,
                    "due_date": "10/13/2029"
                }
            ]
        }
    },
    "investment_preferences": {
        "risk_tolerance": "Low",
        "portfolio_objectives": "Growth",
        "ethical_preferences": [
            "ESG Investing"
        ],
        "experience": "19 years in stocks"
    },
    "tax_and_estate_planning": {
        "tax_bracket": "30%",
        "strategies": [
            "Charitable Contributions"
        ],
        "estate_plan": {
            "wills": false,
            "trusts": [
                "Charitable Trust"
            ],
            "charitable_goals": [
                {
                    "organization": "TcfNvPcIJg",
                    "goal": "Leave $74161 as a bequest"
                }
            ]
        }
    },
    "short_and_long_term_goals": {
        "short_term": [
            "Save $6933 for a vacation"
        ],
        "long_term": [
            "Retire at 60 with $77363 annual income"
        ]
    },
    "communication_preferences": {
        "meeting_frequency": "Monthly",
        "preferred_style": "High-level Summaries",
        "preferred_mediums": [
            "Email"
        ]
    },
    "feedback_and_concerns": {
        "portfolio_performance": "Concerned about returns",
        "market_concerns": "Interest Rates",
        "life_changes": "Retirement"
    },
    "meeting_notes": [
        {
            "date": "8/24/2023",
            "summary": [
                "52rVVYpw5o"
            ]
        }
    ]
}