{
    "personal_details": {
        "first_name": "DGXi4iszJ8",
        "last_name": "0D8wIogl08",
        "age": 34,
        "marital_status": "Married",
        "spouse_name": "biTxR3Btcc",
        "children": [
            {
                "name": "9eyshFgBox",
                "age": 8
            },
            {
                "name": "lL9jqFJm5B",
                "age": 1
            },
            {
                "name": "t8CcvrM5zD",
                "age": 5
            }
        ],
        "important_dates": {
            "birthdays": [
                "7/2/1987"
            ],
            "anniversary": null
        },
        "hobbies": [
            "qb3DDjFWzZ",
            "Q3WNi0ISPi",
            "JDhpQ2hC37",
            "Qbti0p8Ess",
            "q914m6DX64"
        ],
        "passion_projects": [
            "ZwkAYRh3xi"
        ]
    },
    "financial_details": {
        "net_worth": 4664616,
        "assets": {
            "real_estate": [
                {
                    "type": "Vacation Home",
                    "value": 524787,
                    "mortgage_balance": 604838
                }
            ],
            "investments": {
                "stocks": 275822,
                "bonds": 241080,
                "mutual_funds": 157373
            },
            "savings": 127867,
            "business_interests": [
                {
                    "name": "gyJUW5A4uD",
                    "value": 457146
                }
            ],
            "collectibles": [
                {
                    "type": "Art",
                    "value": 28143
                }
            ]
        },
        "liabilities": {
            "total_liabilities": 341947,
            "details": [
                {
                    "type": "Car Loan",
                    "balance": 98342
                }
            ]
        },
        "income": {
            "primary_income": 87808,
            "rental_income": 4121,
            "dividends": 5652,
            "total_income": 210875
        },
        "expenses": {
            "monthly_living_expenses": 1239,
            "discretionary_spending": 1050,
            "upcoming_major_expenses": [
                {
                    "type": "College Tuition",
                    "amount": 12750,
                    "due_date": "10/7/2026"
                }
            ]
        }
    },
    "investment_preferences": {
        "risk_tolerance": "Low",
        "portfolio_objectives": "Income Generation",
        "ethical_preferences": [
            "Sustainable Investing"
        ],
        "experience": "12 years in stocks"
    },
    "tax_and_estate_planning": {
        "tax_bracket": "27%",
        "strategies": [
            "Tax-efficient Investments"
        ],
        "estate_plan": {
            "wills": true,
            "trusts": [
                "Family Trust"
            ],
            "charitable_goals": [
                {
                    "organization": "3pdW60C2QD",
                    "goal": "Leave $8340 as a bequest"
                }
            ]
        }
    },
    "short_and_long_term_goals": {
        "short_term": [
            "Save $16767 for a vacation"
        ],
        "long_term": [
            "Retire at 60 with $186690 annual income"
        ]
    },
    "communication_preferences": {
        "meeting_frequency": "Monthly",
        "preferred_style": "Detailed Analysis",
        "preferred_mediums": [
            "Email"
        ]
    },
    "feedback_and_concerns": {
        "portfolio_performance": "Satisfied",
        "market_concerns": "Inflation",
        "life_changes": "Retirement"
    },
    "meeting_notes": [
        {
            "date": "2/17/2028",
            "summary": [
                "zE29UYiF6D"
            ]
        }
    ]
}