{
    "personal_details": {
        "first_name": "iiXaBhH3e7",
        "last_name": "Ee511qPEqR",
        "age": 55,
        "marital_status": "Divorced",
        "spouse_name": "irCLYxJ2BL",
        "children": [],
        "important_dates": {
            "birthdays": [
                "10/18/1981"
            ],
            "anniversary": "4/11/2005"
        },
        "hobbies": [
            "ZgOkr23RKg",
            "W31VA8hOd6",
            "iwtdUZLExl",
            "VGJNgUMYkI",
            "XVLJEsotAk"
        ],
        "passion_projects": [
            "Gd9vLgA60F",
            "eaV6R3UKvE"
        ]
    },
    "financial_details": {
        "net_worth": 2800200,
        "assets": {
            "real_estate": [
                {
                    "type": "Rental Property",
                    "value": 1851880,
                    "mortgage_balance": 982557
                }
            ],
            "investments": {
                "stocks": 321928,
                "bonds": 177538,
                "mutual_funds": 303901
            },
            "savings": 152178,
            "business_interests": [
                {
                    "name": "Rsw1M6Pdmg",
                    "value": 697056
                }
            ],
            "collectibles": [
                {
                    "type": "Art",
                    "value": 20564
                }
            ]
        },
        "liabilities": {
            "total_liabilities": 433701,
            "details": [
                {
                    "type": "Mortgage",
                    "balance": 14943
                }
            ]
        },
        "income": {
            "primary_income": 102948,
            "rental_income": 23411,
            "dividends": 18840,
            "total_income": 200139
        },
        "expenses": {
            "monthly_living_expenses": 3529,
            "discretionary_spending": 1269,
            "upcoming_major_expenses": [
                {
                    "type": "College Tuition",
                    "amount": 14740,
                    "due_date": "2/10/2024"
                }
            ]
        }
    },
    "investment_preferences": {
        "risk_tolerance": "High",
        "portfolio_objectives": "Growth",
        "ethical_preferences": [
            "ESG Investing"
        ],
        "experience": "4 years in stocks"
    },
    "tax_and_estate_planning": {
        "tax_bracket": "35%",
        "strategies": [
            "Charitable Contributions"
        ],
        "estate_plan": {
            "wills": true,
            "trusts": [
                "Family Trust"
            ],
            "charitable_goals": [
                {
                    "organization": "pE7rN0HSYJ",
                    "goal": "Leave $96620 as a bequest"
                }
            ]
        }
    },
    "short_and_long_term_goals": {
        "short_term": [
            "Save $3275 for a vacation"
        ],
        "long_term": [
            "Retire at 60 with $118179 annual income"
        ]
    },
    "communication_preferences": {
        "meeting_frequency": "Annually",
        "preferred_style": "High-level Summaries",
        "preferred_mediums": [
            "Phone"
        ]
    },
    "feedback_and_concerns": {
        "portfolio_performance": "Satisfied",
        "market_concerns": "Recession",
        "life_changes": "Marriage"
    },
    "meeting_notes": [
        {
            "date": "11/3/2023",
            "summary": [
                "UYPD6p4mCP"
            ]
        }
    ]
}