{
    "personal_details": {
        "first_name": "OZzvqxKJcf",
        "last_name": "3t8pAoCuPV",
        "age": 74,
        "marital_status": "Single",
        "spouse_name": null,
        "children": [],
        "important_dates": {
            "birthdays": [
                "8/11/1988"
            ],
            "anniversary": "10/21/2002"
        },
        "hobbies": [
            "xoxBVMMRjl",
            "Ah7f2n2x1z",
            "wKTXfBqWAK"
        ],
        "passion_projects": [
            "GWluUEVxBp"
        ]
    },
    "financial_details": {
        "net_worth": 4572343,
        "assets": {
            "real_estate": [
                {
                    "type": "Rental Property",
                    "value": 1235172,
                    "mortgage_balance": 935231
                }
            ],
            "investments": {
                "stocks": 83203,
                "bonds": 291169,
                "mutual_funds": 170299
            },
            "savings": 66776,
            "business_interests": [
                {
                    "name": "ZTZU9Fa8L2",
                    "value": 651914
                }
            ],
            "collectibles": [
                {
                    "type": "Photography Equipment",
                    "value": 12257
                }
            ]
        },
        "liabilities": {
            "total_liabilities": 498286,
            "details": [
                {
                    "type": "Mortgage",
                    "balance": 13687
                }
            ]
        },
        "income": {
            "primary_income": 168264,
            "rental_income": 32231,
            "dividends": 16751,
            "total_income": 50904
        },
        "expenses": {
            "monthly_living_expenses": 6853,
            "discretionary_spending": 4754,
            "upcoming_major_expenses": [
                {
                    "type": "College Tuition",
                    "amount": 42271,
                    "due_date": "4/4/2028"
                }
            ]
        }
    },
    "investment_preferences": {
        "risk_tolerance": "Low",
        "portfolio_objectives": "Income Generation",
        "ethical_preferences": [
            "ESG Investing"
        ],
        "experience": "15 years in stocks"
    },
    "tax_and_estate_planning": {
        "tax_bracket": "35%",
        "strategies": [
            "Charitable Contributions"
        ],
        "estate_plan": {
            "wills": false,
            "trusts": [
                "Charitable Trust"
            ],
            "charitable_goals": [
                {
                    "organization": "Aopkq8OFry",
                    "goal": "Leave $94359 as a bequest"
                }
            ]
        }
    },
    "short_and_long_term_goals": {
        "short_term": [
            "Save $7085 for a vacation"
        ],
        "long_term": [
            "Retire at 60 with $117308 annual income"
        ]
    },
    "communication_preferences": {
        "meeting_frequency": "Monthly",
        "preferred_style": "High-level Summaries",
        "preferred_mediums": [
            "Email"
        ]
    },
    "feedback_and_concerns": {
        "portfolio_performance": "Concerned about returns",
        "market_concerns": "Interest Rates",
        "life_changes": "Retirement"
    },
    "meeting_notes": [
        {
            "date": "7/21/2025",
            "summary": [
                "ctM1X4vd4T"
            ]
        }
    ]
}