{
    "personal_details": {
        "first_name": "xsfgFREl7L",
        "last_name": "Wuy4RB9vB9",
        "age": 78,
        "marital_status": "Single",
        "spouse_name": "f5RMsQO4hX",
        "children": [
            {
                "name": "1DY4u8muyJ",
                "age": 2
            }
        ],
        "important_dates": {
            "birthdays": [
                "5/8/1987"
            ],
            "anniversary": null
        },
        "hobbies": [
            "WfAikwo823"
        ],
        "passion_projects": [
            "Hu0BsDTAa4",
            "P6HoRGTI6T"
        ]
    },
    "financial_details": {
        "net_worth": 4352847,
        "assets": {
            "real_estate": [
                {
                    "type": "Vacation Home",
                    "value": 1403637,
                    "mortgage_balance": 89077
                }
            ],
            "investments": {
                "stocks": 498108,
                "bonds": 244367,
                "mutual_funds": 223044
            },
            "savings": 114059,
            "business_interests": [
                {
                    "name": "oJwPhS0tZi",
                    "value": 296306
                }
            ],
            "collectibles": [
                {
                    "type": "Art",
                    "value": 49996
                }
            ]
        },
        "liabilities": {
            "total_liabilities": 169922,
            "details": [
                {
                    "type": "Student Loan",
                    "balance": 58698
                }
            ]
        },
        "income": {
            "primary_income": 155277,
            "rental_income": 8501,
            "dividends": 19870,
            "total_income": 78523
        },
        "expenses": {
            "monthly_living_expenses": 4681,
            "discretionary_spending": 1157,
            "upcoming_major_expenses": [
                {
                    "type": "College Tuition",
                    "amount": 27611,
                    "due_date": "6/6/2023"
                }
            ]
        }
    },
    "investment_preferences": {
        "risk_tolerance": "Low",
        "portfolio_objectives": "Income Generation",
        "ethical_preferences": [
            "ESG Investing"
        ],
        "experience": "7 years in stocks"
    },
    "tax_and_estate_planning": {
        "tax_bracket": "15%",
        "strategies": [
            "Tax-efficient Investments"
        ],
        "estate_plan": {
            "wills": true,
            "trusts": [
                "Charitable Trust"
            ],
            "charitable_goals": [
                {
                    "organization": "Vs2IhVLDbZ",
                    "goal": "Leave $48713 as a bequest"
                }
            ]
        }
    },
    "short_and_long_term_goals": {
        "short_term": [
            "Save $12257 for a vacation"
        ],
        "long_term": [
            "Retire at 60 with $146656 annual income"
        ]
    },
    "communication_preferences": {
        "meeting_frequency": "Quarterly",
        "preferred_style": "High-level Summaries",
        "preferred_mediums": [
            "In-person"
        ]
    },
    "feedback_and_concerns": {
        "portfolio_performance": "Satisfied",
        "market_concerns": "Interest Rates",
        "life_changes": "Marriage"
    },
    "meeting_notes": [
        {
            "date": "11/16/2026",
            "summary": [
                "rcppRZKKxS"
            ]
        }
    ]
}