{
    "personal_details": {
        "first_name": "7oOOSFtNVz",
        "last_name": "AuBeU5lv5z",
        "age": 79,
        "marital_status": "Divorced",
        "spouse_name": null,
        "children": [
            {
                "name": "YBbXfncvSW",
                "age": 5
            },
            {
                "name": "CyYNfpU2si",
                "age": 4
            },
            {
                "name": "QrUOAVTdHj",
                "age": 7
            }
        ],
        "important_dates": {
            "birthdays": [
                "2/14/1986"
            ],
            "anniversary": null
        },
        "hobbies": [
            "GT2mmFuc9y",
            "RfCtrMzJrZ"
        ],
        "passion_projects": [
            "j1dEPwGH12",
            "GYhxMHzR90"
        ]
    },
    "financial_details": {
        "net_worth": 3641544,
        "assets": {
            "real_estate": [
                {
                    "type": "Primary Residence",
                    "value": 469157,
                    "mortgage_balance": 597387
                }
            ],
            "investments": {
                "stocks": 199199,
                "bonds": 48464,
                "mutual_funds": 386247
            },
            "savings": 173538,
            "business_interests": [
                {
                    "name": "7SfitD47gR",
                    "value": 636898
                }
            ],
            "collectibles": [
                {
                    "type": "Art",
                    "value": 40869
                }
            ]
        },
        "liabilities": {
            "total_liabilities": 205031,
            "details": [
                {
                    "type": "Car Loan",
                    "balance": 56986
                }
            ]
        },
        "income": {
            "primary_income": 82439,
            "rental_income": 3772,
            "dividends": 13705,
            "total_income": 223008
        },
        "expenses": {
            "monthly_living_expenses": 9252,
            "discretionary_spending": 1142,
            "upcoming_major_expenses": [
                {
                    "type": "College Tuition",
                    "amount": 6021,
                    "due_date": "6/1/2029"
                }
            ]
        }
    },
    "investment_preferences": {
        "risk_tolerance": "High",
        "portfolio_objectives": "Growth",
        "ethical_preferences": [
            "ESG Investing"
        ],
        "experience": "6 years in stocks"
    },
    "tax_and_estate_planning": {
        "tax_bracket": "13%",
        "strategies": [
            "Tax-efficient Investments"
        ],
        "estate_plan": {
            "wills": true,
            "trusts": [
                "Charitable Trust"
            ],
            "charitable_goals": [
                {
                    "organization": "4fDkqfu7W2",
                    "goal": "Leave $71539 as a bequest"
                }
            ]
        }
    },
    "short_and_long_term_goals": {
        "short_term": [
            "Save $17182 for a vacation"
        ],
        "long_term": [
            "Retire at 60 with $120670 annual income"
        ]
    },
    "communication_preferences": {
        "meeting_frequency": "Quarterly",
        "preferred_style": "High-level Summaries",
        "preferred_mediums": [
            "Phone"
        ]
    },
    "feedback_and_concerns": {
        "portfolio_performance": "Concerned about returns",
        "market_concerns": "Inflation",
        "life_changes": "Retirement"
    },
    "meeting_notes": [
        {
            "date": "9/28/2023",
            "summary": [
                "QFUZIgOqlp"
            ]
        }
    ]
}