{
    "personal_details": {
        "first_name": "dAQeMi70g5",
        "last_name": "j1KjRJRbvp",
        "age": 81,
        "marital_status": "Divorced",
        "spouse_name": null,
        "children": [
            {
                "name": "gFAkDOraV9",
                "age": 16
            },
            {
                "name": "SVGclE2SR3",
                "age": 7
            }
        ],
        "important_dates": {
            "birthdays": [
                "8/26/1989"
            ],
            "anniversary": null
        },
        "hobbies": [
            "ZoWmv8YY1R"
        ],
        "passion_projects": [
            "eRZpbfNoMM",
            "frBR3r5kuX"
        ]
    },
    "financial_details": {
        "net_worth": 1245119,
        "assets": {
            "real_estate": [
                {
                    "type": "Primary Residence",
                    "value": 376142,
                    "mortgage_balance": 131073
                }
            ],
            "investments": {
                "stocks": 35708,
                "bonds": 89013,
                "mutual_funds": 379701
            },
            "savings": 45248,
            "business_interests": [
                {
                    "name": "VpqJ9vTJuM",
                    "value": 323141
                }
            ],
            "collectibles": [
                {
                    "type": "Photography Equipment",
                    "value": 8220
                }
            ]
        },
        "liabilities": {
            "total_liabilities": 35417,
            "details": [
                {
                    "type": "Student Loan",
                    "balance": 88050
                }
            ]
        },
        "income": {
            "primary_income": 145134,
            "rental_income": 49659,
            "dividends": 9426,
            "total_income": 160900
        },
        "expenses": {
            "monthly_living_expenses": 7825,
            "discretionary_spending": 4554,
            "upcoming_major_expenses": [
                {
                    "type": "College Tuition",
                    "amount": 38787,
                    "due_date": "1/27/2025"
                }
            ]
        }
    },
    "investment_preferences": {
        "risk_tolerance": "Moderate",
        "portfolio_objectives": "Growth",
        "ethical_preferences": [
            "ESG Investing"
        ],
        "experience": "2 years in stocks"
    },
    "tax_and_estate_planning": {
        "tax_bracket": "26%",
        "strategies": [
            "Tax-efficient Investments"
        ],
        "estate_plan": {
            "wills": true,
            "trusts": [
                "Charitable Trust"
            ],
            "charitable_goals": [
                {
                    "organization": "rickAu3AJA",
                    "goal": "Leave $47776 as a bequest"
                }
            ]
        }
    },
    "short_and_long_term_goals": {
        "short_term": [
            "Save $8067 for a vacation"
        ],
        "long_term": [
            "Retire at 60 with $70984 annual income"
        ]
    },
    "communication_preferences": {
        "meeting_frequency": "Monthly",
        "preferred_style": "Detailed Analysis",
        "preferred_mediums": [
            "In-person"
        ]
    },
    "feedback_and_concerns": {
        "portfolio_performance": "Satisfied",
        "market_concerns": "Inflation",
        "life_changes": "Retirement"
    },
    "meeting_notes": [
        {
            "date": "4/7/2026",
            "summary": [
                "WOsHKTTwmf"
            ]
        }
    ]
}