{
    "personal_details": {
        "first_name": "Hc0YWZHPKp",
        "last_name": "eqA1V0exwv",
        "age": 20,
        "marital_status": "Divorced",
        "spouse_name": "BTqENt8mne",
        "children": [
            {
                "name": "cY3fVxyD4V",
                "age": 2
            },
            {
                "name": "UlTxlvLdbf",
                "age": 2
            },
            {
                "name": "Sq6D3WbW6h",
                "age": 18
            }
        ],
        "important_dates": {
            "birthdays": [
                "2/25/1982"
            ],
            "anniversary": "4/9/2006"
        },
        "hobbies": [
            "ibSRkCMII1",
            "A7OiH1FdOj",
            "hEqs1wm1zb",
            "iSwhcumnlW"
        ],
        "passion_projects": [
            "GyFjOdggtP"
        ]
    },
    "financial_details": {
        "net_worth": 2965449,
        "assets": {
            "real_estate": [
                {
                    "type": "Rental Property",
                    "value": 930771,
                    "mortgage_balance": 496640
                }
            ],
            "investments": {
                "stocks": 224031,
                "bonds": 165307,
                "mutual_funds": 301804
            },
            "savings": 131892,
            "business_interests": [
                {
                    "name": "XHRtaOPaqQ",
                    "value": 716271
                }
            ],
            "collectibles": [
                {
                    "type": "Art",
                    "value": 11712
                }
            ]
        },
        "liabilities": {
            "total_liabilities": 74636,
            "details": [
                {
                    "type": "Student Loan",
                    "balance": 4897
                }
            ]
        },
        "income": {
            "primary_income": 36062,
            "rental_income": 16045,
            "dividends": 13837,
            "total_income": 153704
        },
        "expenses": {
            "monthly_living_expenses": 9400,
            "discretionary_spending": 2044,
            "upcoming_major_expenses": [
                {
                    "type": "College Tuition",
                    "amount": 40293,
                    "due_date": "4/3/2024"
                }
            ]
        }
    },
    "investment_preferences": {
        "risk_tolerance": "Low",
        "portfolio_objectives": "Growth",
        "ethical_preferences": [
            "ESG Investing"
        ],
        "experience": "17 years in stocks"
    },
    "tax_and_estate_planning": {
        "tax_bracket": "28%",
        "strategies": [
            "Tax-efficient Investments"
        ],
        "estate_plan": {
            "wills": false,
            "trusts": [
                "Charitable Trust"
            ],
            "charitable_goals": [
                {
                    "organization": "gvE8RFwJLC",
                    "goal": "Leave $75509 as a bequest"
                }
            ]
        }
    },
    "short_and_long_term_goals": {
        "short_term": [
            "Save $18168 for a vacation"
        ],
        "long_term": [
            "Retire at 60 with $89270 annual income"
        ]
    },
    "communication_preferences": {
        "meeting_frequency": "Monthly",
        "preferred_style": "Detailed Analysis",
        "preferred_mediums": [
            "Phone"
        ]
    },
    "feedback_and_concerns": {
        "portfolio_performance": "Satisfied",
        "market_concerns": "Inflation",
        "life_changes": "New Job"
    },
    "meeting_notes": [
        {
            "date": "1/3/2025",
            "summary": [
                "jfxcuUNCie"
            ]
        }
    ]
}