{
    "personal_details": {
        "first_name": "O0LLAUBEKg",
        "last_name": "9TcnaTYXyB",
        "age": 30,
        "marital_status": "Married",
        "spouse_name": null,
        "children": [
            {
                "name": "JkOPFCIPoD",
                "age": 16
            },
            {
                "name": "OZZgriDSON",
                "age": 9
            }
        ],
        "important_dates": {
            "birthdays": [
                "9/1/1985"
            ],
            "anniversary": null
        },
        "hobbies": [
            "HQNiAoFB71",
            "hx0BvJhIcN"
        ],
        "passion_projects": [
            "Nt7U8llILx",
            "flkuSnRbno",
            "2eomt0NRKe"
        ]
    },
    "financial_details": {
        "net_worth": 1799488,
        "assets": {
            "real_estate": [
                {
                    "type": "Primary Residence",
                    "value": 993227,
                    "mortgage_balance": 813535
                }
            ],
            "investments": {
                "stocks": 123788,
                "bonds": 92956,
                "mutual_funds": 328412
            },
            "savings": 32708,
            "business_interests": [
                {
                    "name": "1XZ1CaEg7t",
                    "value": 876326
                }
            ],
            "collectibles": [
                {
                    "type": "Art",
                    "value": 41170
                }
            ]
        },
        "liabilities": {
            "total_liabilities": 499790,
            "details": [
                {
                    "type": "Student Loan",
                    "balance": 14439
                }
            ]
        },
        "income": {
            "primary_income": 32550,
            "rental_income": 32524,
            "dividends": 11294,
            "total_income": 148012
        },
        "expenses": {
            "monthly_living_expenses": 4099,
            "discretionary_spending": 2734,
            "upcoming_major_expenses": [
                {
                    "type": "College Tuition",
                    "amount": 13158,
                    "due_date": "5/2/2024"
                }
            ]
        }
    },
    "investment_preferences": {
        "risk_tolerance": "High",
        "portfolio_objectives": "Income Generation",
        "ethical_preferences": [
            "ESG Investing"
        ],
        "experience": "2 years in stocks"
    },
    "tax_and_estate_planning": {
        "tax_bracket": "10%",
        "strategies": [
            "Charitable Contributions"
        ],
        "estate_plan": {
            "wills": false,
            "trusts": [
                "Charitable Trust"
            ],
            "charitable_goals": [
                {
                    "organization": "xm8eH3S1gg",
                    "goal": "Leave $37828 as a bequest"
                }
            ]
        }
    },
    "short_and_long_term_goals": {
        "short_term": [
            "Save $10407 for a vacation"
        ],
        "long_term": [
            "Retire at 60 with $63747 annual income"
        ]
    },
    "communication_preferences": {
        "meeting_frequency": "Monthly",
        "preferred_style": "High-level Summaries",
        "preferred_mediums": [
            "Phone"
        ]
    },
    "feedback_and_concerns": {
        "portfolio_performance": "Concerned about returns",
        "market_concerns": "Recession",
        "life_changes": "Marriage"
    },
    "meeting_notes": [
        {
            "date": "4/24/2023",
            "summary": [
                "YjrnG6etUE"
            ]
        }
    ]
}