{
    "personal_details": {
        "first_name": "tNRWk6hhx6",
        "last_name": "DIpxdrqW3J",
        "age": 60,
        "marital_status": "Single",
        "spouse_name": null,
        "children": [],
        "important_dates": {
            "birthdays": [
                "12/1/1981"
            ],
            "anniversary": "10/11/2007"
        },
        "hobbies": [
            "2GyQZO4o5h",
            "nItcAxbLhb",
            "Nh5GQrnVOh",
            "rGN2E6POav"
        ],
        "passion_projects": [
            "AycS9nBaeq"
        ]
    },
    "financial_details": {
        "net_worth": 1276585,
        "assets": {
            "real_estate": [
                {
                    "type": "Primary Residence",
                    "value": 1810136,
                    "mortgage_balance": 581110
                }
            ],
            "investments": {
                "stocks": 90778,
                "bonds": 147844,
                "mutual_funds": 97667
            },
            "savings": 171315,
            "business_interests": [
                {
                    "name": "Eq7cy20R7i",
                    "value": 629163
                }
            ],
            "collectibles": [
                {
                    "type": "Art",
                    "value": 19907
                }
            ]
        },
        "liabilities": {
            "total_liabilities": 394633,
            "details": [
                {
                    "type": "Student Loan",
                    "balance": 17496
                }
            ]
        },
        "income": {
            "primary_income": 41734,
            "rental_income": 37405,
            "dividends": 19380,
            "total_income": 193692
        },
        "expenses": {
            "monthly_living_expenses": 4642,
            "discretionary_spending": 2864,
            "upcoming_major_expenses": [
                {
                    "type": "College Tuition",
                    "amount": 28136,
                    "due_date": "12/16/2028"
                }
            ]
        }
    },
    "investment_preferences": {
        "risk_tolerance": "Moderate",
        "portfolio_objectives": "Growth",
        "ethical_preferences": [
            "Sustainable Investing"
        ],
        "experience": "11 years in stocks"
    },
    "tax_and_estate_planning": {
        "tax_bracket": "29%",
        "strategies": [
            "Charitable Contributions"
        ],
        "estate_plan": {
            "wills": true,
            "trusts": [
                "Charitable Trust"
            ],
            "charitable_goals": [
                {
                    "organization": "nFJzdUFTCk",
                    "goal": "Leave $91788 as a bequest"
                }
            ]
        }
    },
    "short_and_long_term_goals": {
        "short_term": [
            "Save $13975 for a vacation"
        ],
        "long_term": [
            "Retire at 60 with $68850 annual income"
        ]
    },
    "communication_preferences": {
        "meeting_frequency": "Quarterly",
        "preferred_style": "Detailed Analysis",
        "preferred_mediums": [
            "Email"
        ]
    },
    "feedback_and_concerns": {
        "portfolio_performance": "Satisfied",
        "market_concerns": "Inflation",
        "life_changes": "Retirement"
    },
    "meeting_notes": [
        {
            "date": "1/8/2025",
            "summary": [
                "Q7FAfnpBNK"
            ]
        }
    ]
}