{
    "personal_details": {
        "first_name": "N6vGCaEjX5",
        "last_name": "BuTRxTVaXb",
        "age": 41,
        "marital_status": "Divorced",
        "spouse_name": "GFPBFWYGJs",
        "children": [],
        "important_dates": {
            "birthdays": [
                "12/24/1980"
            ],
            "anniversary": "10/28/2004"
        },
        "hobbies": [
            "SfHAk3htbR",
            "IaGxt1bvdB",
            "YY9UGy31QD"
        ],
        "passion_projects": [
            "yxejNX1FjG",
            "EYJub1UGaO",
            "jtbe9Dyvrt"
        ]
    },
    "financial_details": {
        "net_worth": 3412165,
        "assets": {
            "real_estate": [
                {
                    "type": "Vacation Home",
                    "value": 1986255,
                    "mortgage_balance": 411094
                }
            ],
            "investments": {
                "stocks": 102893,
                "bonds": 123796,
                "mutual_funds": 125269
            },
            "savings": 56645,
            "business_interests": [
                {
                    "name": "tUZCH1osQU",
                    "value": 50938
                }
            ],
            "collectibles": [
                {
                    "type": "Art",
                    "value": 32313
                }
            ]
        },
        "liabilities": {
            "total_liabilities": 95846,
            "details": [
                {
                    "type": "Student Loan",
                    "balance": 43761
                }
            ]
        },
        "income": {
            "primary_income": 120722,
            "rental_income": 42950,
            "dividends": 5656,
            "total_income": 176319
        },
        "expenses": {
            "monthly_living_expenses": 9444,
            "discretionary_spending": 2359,
            "upcoming_major_expenses": [
                {
                    "type": "College Tuition",
                    "amount": 48272,
                    "due_date": "4/8/2027"
                }
            ]
        }
    },
    "investment_preferences": {
        "risk_tolerance": "High",
        "portfolio_objectives": "Income Generation",
        "ethical_preferences": [
            "Sustainable Investing"
        ],
        "experience": "15 years in stocks"
    },
    "tax_and_estate_planning": {
        "tax_bracket": "24%",
        "strategies": [
            "Charitable Contributions"
        ],
        "estate_plan": {
            "wills": false,
            "trusts": [
                "Family Trust"
            ],
            "charitable_goals": [
                {
                    "organization": "mNTMnLeCjc",
                    "goal": "Leave $18907 as a bequest"
                }
            ]
        }
    },
    "short_and_long_term_goals": {
        "short_term": [
            "Save $8920 for a vacation"
        ],
        "long_term": [
            "Retire at 60 with $130033 annual income"
        ]
    },
    "communication_preferences": {
        "meeting_frequency": "Monthly",
        "preferred_style": "High-level Summaries",
        "preferred_mediums": [
            "Phone"
        ]
    },
    "feedback_and_concerns": {
        "portfolio_performance": "Concerned about returns",
        "market_concerns": "Recession",
        "life_changes": "New Job"
    },
    "meeting_notes": [
        {
            "date": "3/10/2025",
            "summary": [
                "I9mgQGzoSM"
            ]
        }
    ]
}