{
    "personal_details": {
        "first_name": "AY0bhGKkEg",
        "last_name": "UQNO3qq9VF",
        "age": 52,
        "marital_status": "Divorced",
        "spouse_name": null,
        "children": [],
        "important_dates": {
            "birthdays": [
                "7/27/1983"
            ],
            "anniversary": "6/5/2003"
        },
        "hobbies": [
            "fFjX7PoEAv",
            "2N6qVFrrFy",
            "9sS49Tn1za"
        ],
        "passion_projects": [
            "NHUPCW42DI",
            "mhnjCq62KM"
        ]
    },
    "financial_details": {
        "net_worth": 1493484,
        "assets": {
            "real_estate": [
                {
                    "type": "Primary Residence",
                    "value": 693671,
                    "mortgage_balance": 950842
                }
            ],
            "investments": {
                "stocks": 354703,
                "bonds": 227357,
                "mutual_funds": 331723
            },
            "savings": 142294,
            "business_interests": [
                {
                    "name": "ZdoCuSFyc6",
                    "value": 641289
                }
            ],
            "collectibles": [
                {
                    "type": "Art",
                    "value": 30311
                }
            ]
        },
        "liabilities": {
            "total_liabilities": 401427,
            "details": [
                {
                    "type": "Student Loan",
                    "balance": 26651
                }
            ]
        },
        "income": {
            "primary_income": 192363,
            "rental_income": 15866,
            "dividends": 11109,
            "total_income": 209410
        },
        "expenses": {
            "monthly_living_expenses": 7143,
            "discretionary_spending": 3404,
            "upcoming_major_expenses": [
                {
                    "type": "College Tuition",
                    "amount": 45906,
                    "due_date": "4/21/2024"
                }
            ]
        }
    },
    "investment_preferences": {
        "risk_tolerance": "Moderate",
        "portfolio_objectives": "Income Generation",
        "ethical_preferences": [
            "ESG Investing"
        ],
        "experience": "16 years in stocks"
    },
    "tax_and_estate_planning": {
        "tax_bracket": "11%",
        "strategies": [
            "Charitable Contributions"
        ],
        "estate_plan": {
            "wills": false,
            "trusts": [
                "Charitable Trust"
            ],
            "charitable_goals": [
                {
                    "organization": "xwHwdxVYx2",
                    "goal": "Leave $51613 as a bequest"
                }
            ]
        }
    },
    "short_and_long_term_goals": {
        "short_term": [
            "Save $3506 for a vacation"
        ],
        "long_term": [
            "Retire at 60 with $128780 annual income"
        ]
    },
    "communication_preferences": {
        "meeting_frequency": "Quarterly",
        "preferred_style": "High-level Summaries",
        "preferred_mediums": [
            "Email"
        ]
    },
    "feedback_and_concerns": {
        "portfolio_performance": "Concerned about returns",
        "market_concerns": "Interest Rates",
        "life_changes": "Marriage"
    },
    "meeting_notes": [
        {
            "date": "10/25/2026",
            "summary": [
                "OFBVkRO7Tt"
            ]
        }
    ]
}