{
    "personal_details": {
        "first_name": "VJUz4YmOXc",
        "last_name": "Zvf9Hife9X",
        "age": 58,
        "marital_status": "Single",
        "spouse_name": "DUjIIuxdgt",
        "children": [
            {
                "name": "JYHysR5l4W",
                "age": 3
            },
            {
                "name": "Ol7w3O0K1B",
                "age": 10
            }
        ],
        "important_dates": {
            "birthdays": [
                "1/15/1983"
            ],
            "anniversary": null
        },
        "hobbies": [
            "OSvB506VZL",
            "Y50gHJOAfk",
            "D4JSgsttiV"
        ],
        "passion_projects": [
            "7FiaI6iA72"
        ]
    },
    "financial_details": {
        "net_worth": 3431053,
        "assets": {
            "real_estate": [
                {
                    "type": "Primary Residence",
                    "value": 1165911,
                    "mortgage_balance": 700094
                }
            ],
            "investments": {
                "stocks": 131087,
                "bonds": 202866,
                "mutual_funds": 44042
            },
            "savings": 117185,
            "business_interests": [
                {
                    "name": "wSBilfCvrO",
                    "value": 197624
                }
            ],
            "collectibles": [
                {
                    "type": "Art",
                    "value": 17964
                }
            ]
        },
        "liabilities": {
            "total_liabilities": 8188,
            "details": [
                {
                    "type": "Student Loan",
                    "balance": 92342
                }
            ]
        },
        "income": {
            "primary_income": 149277,
            "rental_income": 38293,
            "dividends": 19930,
            "total_income": 53437
        },
        "expenses": {
            "monthly_living_expenses": 1390,
            "discretionary_spending": 1697,
            "upcoming_major_expenses": [
                {
                    "type": "College Tuition",
                    "amount": 8713,
                    "due_date": "7/9/2023"
                }
            ]
        }
    },
    "investment_preferences": {
        "risk_tolerance": "High",
        "portfolio_objectives": "Income Generation",
        "ethical_preferences": [
            "Sustainable Investing"
        ],
        "experience": "10 years in stocks"
    },
    "tax_and_estate_planning": {
        "tax_bracket": "23%",
        "strategies": [
            "Tax-efficient Investments"
        ],
        "estate_plan": {
            "wills": true,
            "trusts": [
                "Charitable Trust"
            ],
            "charitable_goals": [
                {
                    "organization": "Z0Sd9VxP1P",
                    "goal": "Leave $68363 as a bequest"
                }
            ]
        }
    },
    "short_and_long_term_goals": {
        "short_term": [
            "Save $16591 for a vacation"
        ],
        "long_term": [
            "Retire at 60 with $175385 annual income"
        ]
    },
    "communication_preferences": {
        "meeting_frequency": "Monthly",
        "preferred_style": "Detailed Analysis",
        "preferred_mediums": [
            "Phone"
        ]
    },
    "feedback_and_concerns": {
        "portfolio_performance": "Concerned about returns",
        "market_concerns": "Inflation",
        "life_changes": "Marriage"
    },
    "meeting_notes": [
        {
            "date": "9/15/2029",
            "summary": [
                "ZbyQHP369V"
            ]
        }
    ]
}