{
    "personal_details": {
        "first_name": "ZCEFdHhgWR",
        "last_name": "x4HMs0ERvr",
        "age": 40,
        "marital_status": "Divorced",
        "spouse_name": null,
        "children": [
            {
                "name": "EXEzy2U3a2",
                "age": 16
            }
        ],
        "important_dates": {
            "birthdays": [
                "10/24/1985"
            ],
            "anniversary": "12/8/2009"
        },
        "hobbies": [
            "45EglvPEjq",
            "nz8xP7x2u7"
        ],
        "passion_projects": [
            "bOrk6nKCrE"
        ]
    },
    "financial_details": {
        "net_worth": 3758310,
        "assets": {
            "real_estate": [
                {
                    "type": "Rental Property",
                    "value": 1938984,
                    "mortgage_balance": 888733
                }
            ],
            "investments": {
                "stocks": 18019,
                "bonds": 138942,
                "mutual_funds": 373034
            },
            "savings": 99579,
            "business_interests": [
                {
                    "name": "ThQH9bYpok",
                    "value": 199296
                }
            ],
            "collectibles": [
                {
                    "type": "Photography Equipment",
                    "value": 20775
                }
            ]
        },
        "liabilities": {
            "total_liabilities": 186395,
            "details": [
                {
                    "type": "Student Loan",
                    "balance": 27369
                }
            ]
        },
        "income": {
            "primary_income": 176712,
            "rental_income": 23515,
            "dividends": 12352,
            "total_income": 267653
        },
        "expenses": {
            "monthly_living_expenses": 8806,
            "discretionary_spending": 2336,
            "upcoming_major_expenses": [
                {
                    "type": "College Tuition",
                    "amount": 12701,
                    "due_date": "12/22/2027"
                }
            ]
        }
    },
    "investment_preferences": {
        "risk_tolerance": "High",
        "portfolio_objectives": "Growth",
        "ethical_preferences": [
            "ESG Investing"
        ],
        "experience": "15 years in stocks"
    },
    "tax_and_estate_planning": {
        "tax_bracket": "21%",
        "strategies": [
            "Charitable Contributions"
        ],
        "estate_plan": {
            "wills": true,
            "trusts": [
                "Charitable Trust"
            ],
            "charitable_goals": [
                {
                    "organization": "mfX7kWdgzL",
                    "goal": "Leave $10678 as a bequest"
                }
            ]
        }
    },
    "short_and_long_term_goals": {
        "short_term": [
            "Save $1147 for a vacation"
        ],
        "long_term": [
            "Retire at 60 with $151452 annual income"
        ]
    },
    "communication_preferences": {
        "meeting_frequency": "Annually",
        "preferred_style": "Detailed Analysis",
        "preferred_mediums": [
            "In-person"
        ]
    },
    "feedback_and_concerns": {
        "portfolio_performance": "Concerned about returns",
        "market_concerns": "Inflation",
        "life_changes": "Marriage"
    },
    "meeting_notes": [
        {
            "date": "11/27/2029",
            "summary": [
                "hvHzqrJmV9"
            ]
        }
    ]
}