{
    "personal_details": {
        "first_name": "f9s0LwmB94",
        "last_name": "kqgvdUD693",
        "age": 42,
        "marital_status": "Divorced",
        "spouse_name": null,
        "children": [
            {
                "name": "HdJ4WfuzZF",
                "age": 4
            },
            {
                "name": "KALjzsmFBX",
                "age": 17
            }
        ],
        "important_dates": {
            "birthdays": [
                "10/24/1989"
            ],
            "anniversary": "5/9/2003"
        },
        "hobbies": [
            "eXXb85s0Vs",
            "BoFdk7JiGA",
            "n85x2pkM1M",
            "ytjmPtuC0j"
        ],
        "passion_projects": [
            "tFA9B071uJ",
            "OX5rle1k9p"
        ]
    },
    "financial_details": {
        "net_worth": 3100396,
        "assets": {
            "real_estate": [
                {
                    "type": "Vacation Home",
                    "value": 496820,
                    "mortgage_balance": 91481
                }
            ],
            "investments": {
                "stocks": 296828,
                "bonds": 24866,
                "mutual_funds": 27998
            },
            "savings": 39732,
            "business_interests": [
                {
                    "name": "2LiUUoSN4s",
                    "value": 83621
                }
            ],
            "collectibles": [
                {
                    "type": "Photography Equipment",
                    "value": 4804
                }
            ]
        },
        "liabilities": {
            "total_liabilities": 491576,
            "details": [
                {
                    "type": "Car Loan",
                    "balance": 27972
                }
            ]
        },
        "income": {
            "primary_income": 80841,
            "rental_income": 37819,
            "dividends": 13924,
            "total_income": 172510
        },
        "expenses": {
            "monthly_living_expenses": 3431,
            "discretionary_spending": 3351,
            "upcoming_major_expenses": [
                {
                    "type": "College Tuition",
                    "amount": 25263,
                    "due_date": "4/5/2029"
                }
            ]
        }
    },
    "investment_preferences": {
        "risk_tolerance": "High",
        "portfolio_objectives": "Income Generation",
        "ethical_preferences": [
            "ESG Investing"
        ],
        "experience": "13 years in stocks"
    },
    "tax_and_estate_planning": {
        "tax_bracket": "32%",
        "strategies": [
            "Charitable Contributions"
        ],
        "estate_plan": {
            "wills": false,
            "trusts": [
                "Family Trust"
            ],
            "charitable_goals": [
                {
                    "organization": "TmNw8SL7K8",
                    "goal": "Leave $64432 as a bequest"
                }
            ]
        }
    },
    "short_and_long_term_goals": {
        "short_term": [
            "Save $7494 for a vacation"
        ],
        "long_term": [
            "Retire at 60 with $189880 annual income"
        ]
    },
    "communication_preferences": {
        "meeting_frequency": "Annually",
        "preferred_style": "High-level Summaries",
        "preferred_mediums": [
            "Email"
        ]
    },
    "feedback_and_concerns": {
        "portfolio_performance": "Concerned about returns",
        "market_concerns": "Inflation",
        "life_changes": "Retirement"
    },
    "meeting_notes": [
        {
            "date": "7/21/2023",
            "summary": [
                "yoCsHfh0um"
            ]
        }
    ]
}