{
    "personal_details": {
        "first_name": "mtaRDZayuq",
        "last_name": "mxOTCRkwH9",
        "age": 85,
        "marital_status": "Single",
        "spouse_name": null,
        "children": [
            {
                "name": "2kW13sMgWU",
                "age": 8
            },
            {
                "name": "bYhb0sr5te",
                "age": 6
            },
            {
                "name": "hdWTdeJQSu",
                "age": 18
            },
            {
                "name": "2RF1e8rlti",
                "age": 13
            }
        ],
        "important_dates": {
            "birthdays": [
                "3/6/1983"
            ],
            "anniversary": null
        },
        "hobbies": [
            "9w9rU37BeG"
        ],
        "passion_projects": [
            "kKpECoeEkU",
            "SNRmuRtE4x",
            "r7VG9UYMQq"
        ]
    },
    "financial_details": {
        "net_worth": 1276093,
        "assets": {
            "real_estate": [
                {
                    "type": "Primary Residence",
                    "value": 1705363,
                    "mortgage_balance": 595830
                }
            ],
            "investments": {
                "stocks": 434070,
                "bonds": 35199,
                "mutual_funds": 191321
            },
            "savings": 45369,
            "business_interests": [
                {
                    "name": "P0bPQAvo0e",
                    "value": 596509
                }
            ],
            "collectibles": [
                {
                    "type": "Photography Equipment",
                    "value": 35983
                }
            ]
        },
        "liabilities": {
            "total_liabilities": 259445,
            "details": [
                {
                    "type": "Mortgage",
                    "balance": 72912
                }
            ]
        },
        "income": {
            "primary_income": 162367,
            "rental_income": 41972,
            "dividends": 5351,
            "total_income": 63759
        },
        "expenses": {
            "monthly_living_expenses": 3931,
            "discretionary_spending": 2638,
            "upcoming_major_expenses": [
                {
                    "type": "College Tuition",
                    "amount": 32336,
                    "due_date": "7/19/2027"
                }
            ]
        }
    },
    "investment_preferences": {
        "risk_tolerance": "Moderate",
        "portfolio_objectives": "Growth",
        "ethical_preferences": [
            "Sustainable Investing"
        ],
        "experience": "11 years in stocks"
    },
    "tax_and_estate_planning": {
        "tax_bracket": "28%",
        "strategies": [
            "Tax-efficient Investments"
        ],
        "estate_plan": {
            "wills": false,
            "trusts": [
                "Family Trust"
            ],
            "charitable_goals": [
                {
                    "organization": "iuty9fPUgT",
                    "goal": "Leave $24399 as a bequest"
                }
            ]
        }
    },
    "short_and_long_term_goals": {
        "short_term": [
            "Save $8582 for a vacation"
        ],
        "long_term": [
            "Retire at 60 with $149384 annual income"
        ]
    },
    "communication_preferences": {
        "meeting_frequency": "Monthly",
        "preferred_style": "High-level Summaries",
        "preferred_mediums": [
            "In-person"
        ]
    },
    "feedback_and_concerns": {
        "portfolio_performance": "Satisfied",
        "market_concerns": "Recession",
        "life_changes": "Retirement"
    },
    "meeting_notes": [
        {
            "date": "8/1/2028",
            "summary": [
                "JEgPGmHaZd"
            ]
        }
    ]
}