{
    "personal_details": {
        "first_name": "kzY9edkGff",
        "last_name": "9UdCJEhIWM",
        "age": 28,
        "marital_status": "Single",
        "spouse_name": "hHCergpUlW",
        "children": [
            {
                "name": "pga1S9qSws",
                "age": 2
            },
            {
                "name": "ny7rkA57cJ",
                "age": 3
            }
        ],
        "important_dates": {
            "birthdays": [
                "7/7/1984"
            ],
            "anniversary": null
        },
        "hobbies": [
            "WI0kTeq5fQ",
            "KBNgYoFjV4",
            "9XqMaXGqWy",
            "PziYdtDtYR",
            "M8bXg5pDMN"
        ],
        "passion_projects": [
            "POTlUXvf2I"
        ]
    },
    "financial_details": {
        "net_worth": 1212110,
        "assets": {
            "real_estate": [
                {
                    "type": "Primary Residence",
                    "value": 1361600,
                    "mortgage_balance": 719279
                }
            ],
            "investments": {
                "stocks": 495982,
                "bonds": 79855,
                "mutual_funds": 246251
            },
            "savings": 151744,
            "business_interests": [
                {
                    "name": "VrFpgdS8nt",
                    "value": 831222
                }
            ],
            "collectibles": [
                {
                    "type": "Art",
                    "value": 18901
                }
            ]
        },
        "liabilities": {
            "total_liabilities": 84967,
            "details": [
                {
                    "type": "Student Loan",
                    "balance": 61804
                }
            ]
        },
        "income": {
            "primary_income": 86032,
            "rental_income": 35387,
            "dividends": 6269,
            "total_income": 152295
        },
        "expenses": {
            "monthly_living_expenses": 5214,
            "discretionary_spending": 4732,
            "upcoming_major_expenses": [
                {
                    "type": "College Tuition",
                    "amount": 39541,
                    "due_date": "7/23/2028"
                }
            ]
        }
    },
    "investment_preferences": {
        "risk_tolerance": "Moderate",
        "portfolio_objectives": "Income Generation",
        "ethical_preferences": [
            "Sustainable Investing"
        ],
        "experience": "9 years in stocks"
    },
    "tax_and_estate_planning": {
        "tax_bracket": "20%",
        "strategies": [
            "Tax-efficient Investments"
        ],
        "estate_plan": {
            "wills": false,
            "trusts": [
                "Charitable Trust"
            ],
            "charitable_goals": [
                {
                    "organization": "AFztt5x5T6",
                    "goal": "Leave $80240 as a bequest"
                }
            ]
        }
    },
    "short_and_long_term_goals": {
        "short_term": [
            "Save $13542 for a vacation"
        ],
        "long_term": [
            "Retire at 60 with $146573 annual income"
        ]
    },
    "communication_preferences": {
        "meeting_frequency": "Monthly",
        "preferred_style": "High-level Summaries",
        "preferred_mediums": [
            "Email"
        ]
    },
    "feedback_and_concerns": {
        "portfolio_performance": "Concerned about returns",
        "market_concerns": "Inflation",
        "life_changes": "New Job"
    },
    "meeting_notes": [
        {
            "date": "4/2/2029",
            "summary": [
                "vTzLTOhzak"
            ]
        }
    ]
}