{
    "personal_details": {
        "first_name": "Zx9RQMVp3a",
        "last_name": "2jzwfeFr5a",
        "age": 28,
        "marital_status": "Married",
        "spouse_name": null,
        "children": [
            {
                "name": "nw1g8sp3Oc",
                "age": 4
            },
            {
                "name": "5FWTex9pHH",
                "age": 11
            },
            {
                "name": "CsPUHsDe6U",
                "age": 11
            },
            {
                "name": "4bExdFq5QU",
                "age": 10
            }
        ],
        "important_dates": {
            "birthdays": [
                "5/25/1984"
            ],
            "anniversary": null
        },
        "hobbies": [
            "ar8fnASykC",
            "7orus3JaFC",
            "wkAMslnDTP",
            "0bOQmOpWjI",
            "ldkXDTwru4"
        ],
        "passion_projects": [
            "QlRslyqFKZ"
        ]
    },
    "financial_details": {
        "net_worth": 182175,
        "assets": {
            "real_estate": [
                {
                    "type": "Primary Residence",
                    "value": 1879093,
                    "mortgage_balance": 893695
                }
            ],
            "investments": {
                "stocks": 38381,
                "bonds": 108779,
                "mutual_funds": 160158
            },
            "savings": 84071,
            "business_interests": [
                {
                    "name": "fgwQbsHomV",
                    "value": 528900
                }
            ],
            "collectibles": [
                {
                    "type": "Photography Equipment",
                    "value": 35364
                }
            ]
        },
        "liabilities": {
            "total_liabilities": 316805,
            "details": [
                {
                    "type": "Car Loan",
                    "balance": 69031
                }
            ]
        },
        "income": {
            "primary_income": 119210,
            "rental_income": 13047,
            "dividends": 16991,
            "total_income": 58641
        },
        "expenses": {
            "monthly_living_expenses": 3184,
            "discretionary_spending": 1290,
            "upcoming_major_expenses": [
                {
                    "type": "College Tuition",
                    "amount": 48865,
                    "due_date": "12/15/2026"
                }
            ]
        }
    },
    "investment_preferences": {
        "risk_tolerance": "Low",
        "portfolio_objectives": "Income Generation",
        "ethical_preferences": [
            "Sustainable Investing"
        ],
        "experience": "5 years in stocks"
    },
    "tax_and_estate_planning": {
        "tax_bracket": "14%",
        "strategies": [
            "Tax-efficient Investments"
        ],
        "estate_plan": {
            "wills": true,
            "trusts": [
                "Charitable Trust"
            ],
            "charitable_goals": [
                {
                    "organization": "ergS5q5cUa",
                    "goal": "Leave $26130 as a bequest"
                }
            ]
        }
    },
    "short_and_long_term_goals": {
        "short_term": [
            "Save $12132 for a vacation"
        ],
        "long_term": [
            "Retire at 60 with $123982 annual income"
        ]
    },
    "communication_preferences": {
        "meeting_frequency": "Monthly",
        "preferred_style": "Detailed Analysis",
        "preferred_mediums": [
            "Email"
        ]
    },
    "feedback_and_concerns": {
        "portfolio_performance": "Satisfied",
        "market_concerns": "Recession",
        "life_changes": "Retirement"
    },
    "meeting_notes": [
        {
            "date": "10/2/2028",
            "summary": [
                "BlPggKJPeg"
            ]
        }
    ]
}