{
    "personal_details": {
        "first_name": "qcLxm7uQup",
        "last_name": "bc6wfMW87h",
        "age": 65,
        "marital_status": "Divorced",
        "spouse_name": "Vs88tAXYAl",
        "children": [
            {
                "name": "kKvq44CiMY",
                "age": 18
            },
            {
                "name": "nSvZcGtu6u",
                "age": 14
            }
        ],
        "important_dates": {
            "birthdays": [
                "7/3/1986"
            ],
            "anniversary": "3/11/2003"
        },
        "hobbies": [
            "jf6zsgMcy6",
            "EKQZ0PnaFw",
            "SCaIA7xcjr",
            "B50suQeEYP"
        ],
        "passion_projects": [
            "MzrZVZDlUN"
        ]
    },
    "financial_details": {
        "net_worth": 1510125,
        "assets": {
            "real_estate": [
                {
                    "type": "Primary Residence",
                    "value": 538434,
                    "mortgage_balance": 640192
                }
            ],
            "investments": {
                "stocks": 112654,
                "bonds": 55494,
                "mutual_funds": 224537
            },
            "savings": 173385,
            "business_interests": [
                {
                    "name": "9DTrpONSg5",
                    "value": 811799
                }
            ],
            "collectibles": [
                {
                    "type": "Photography Equipment",
                    "value": 48696
                }
            ]
        },
        "liabilities": {
            "total_liabilities": 96540,
            "details": [
                {
                    "type": "Student Loan",
                    "balance": 81542
                }
            ]
        },
        "income": {
            "primary_income": 183497,
            "rental_income": 15645,
            "dividends": 15275,
            "total_income": 295727
        },
        "expenses": {
            "monthly_living_expenses": 5632,
            "discretionary_spending": 1601,
            "upcoming_major_expenses": [
                {
                    "type": "College Tuition",
                    "amount": 44633,
                    "due_date": "7/5/2024"
                }
            ]
        }
    },
    "investment_preferences": {
        "risk_tolerance": "High",
        "portfolio_objectives": "Income Generation",
        "ethical_preferences": [
            "ESG Investing"
        ],
        "experience": "3 years in stocks"
    },
    "tax_and_estate_planning": {
        "tax_bracket": "10%",
        "strategies": [
            "Charitable Contributions"
        ],
        "estate_plan": {
            "wills": true,
            "trusts": [
                "Charitable Trust"
            ],
            "charitable_goals": [
                {
                    "organization": "g2lZAf4tqi",
                    "goal": "Leave $42478 as a bequest"
                }
            ]
        }
    },
    "short_and_long_term_goals": {
        "short_term": [
            "Save $16050 for a vacation"
        ],
        "long_term": [
            "Retire at 60 with $118682 annual income"
        ]
    },
    "communication_preferences": {
        "meeting_frequency": "Annually",
        "preferred_style": "High-level Summaries",
        "preferred_mediums": [
            "Email"
        ]
    },
    "feedback_and_concerns": {
        "portfolio_performance": "Satisfied",
        "market_concerns": "Recession",
        "life_changes": "New Job"
    },
    "meeting_notes": [
        {
            "date": "8/16/2027",
            "summary": [
                "QByfwMmwiY"
            ]
        }
    ]
}