{
    "personal_details": {
        "first_name": "I8fj8Feijl",
        "last_name": "75D52VGhSn",
        "age": 41,
        "marital_status": "Divorced",
        "spouse_name": null,
        "children": [
            {
                "name": "quB2SefpeF",
                "age": 15
            }
        ],
        "important_dates": {
            "birthdays": [
                "2/10/1985"
            ],
            "anniversary": null
        },
        "hobbies": [
            "rpWKcK1hNK",
            "idRh4oEKSa",
            "8XzFnCpfQX",
            "1TML9KJoPV",
            "kjaFEvhXD3"
        ],
        "passion_projects": [
            "Knml6yCiLg"
        ]
    },
    "financial_details": {
        "net_worth": 4853433,
        "assets": {
            "real_estate": [
                {
                    "type": "Rental Property",
                    "value": 1376896,
                    "mortgage_balance": 662944
                }
            ],
            "investments": {
                "stocks": 328381,
                "bonds": 62759,
                "mutual_funds": 234388
            },
            "savings": 109126,
            "business_interests": [
                {
                    "name": "dmHVBTOnao",
                    "value": 845379
                }
            ],
            "collectibles": [
                {
                    "type": "Art",
                    "value": 20366
                }
            ]
        },
        "liabilities": {
            "total_liabilities": 62159,
            "details": [
                {
                    "type": "Car Loan",
                    "balance": 51175
                }
            ]
        },
        "income": {
            "primary_income": 195501,
            "rental_income": 27197,
            "dividends": 6865,
            "total_income": 175440
        },
        "expenses": {
            "monthly_living_expenses": 2750,
            "discretionary_spending": 3939,
            "upcoming_major_expenses": [
                {
                    "type": "College Tuition",
                    "amount": 33966,
                    "due_date": "2/3/2029"
                }
            ]
        }
    },
    "investment_preferences": {
        "risk_tolerance": "Low",
        "portfolio_objectives": "Income Generation",
        "ethical_preferences": [
            "ESG Investing"
        ],
        "experience": "5 years in stocks"
    },
    "tax_and_estate_planning": {
        "tax_bracket": "28%",
        "strategies": [
            "Charitable Contributions"
        ],
        "estate_plan": {
            "wills": true,
            "trusts": [
                "Family Trust"
            ],
            "charitable_goals": [
                {
                    "organization": "woYH7VNr0y",
                    "goal": "Leave $81909 as a bequest"
                }
            ]
        }
    },
    "short_and_long_term_goals": {
        "short_term": [
            "Save $2302 for a vacation"
        ],
        "long_term": [
            "Retire at 60 with $141722 annual income"
        ]
    },
    "communication_preferences": {
        "meeting_frequency": "Annually",
        "preferred_style": "Detailed Analysis",
        "preferred_mediums": [
            "Phone"
        ]
    },
    "feedback_and_concerns": {
        "portfolio_performance": "Concerned about returns",
        "market_concerns": "Inflation",
        "life_changes": "New Job"
    },
    "meeting_notes": [
        {
            "date": "12/13/2025",
            "summary": [
                "SgZwrIppdA"
            ]
        }
    ]
}