{
    "personal_details": {
        "first_name": "2g1cacuBUn",
        "last_name": "UZekSCw5zr",
        "age": 88,
        "marital_status": "Married",
        "spouse_name": "6AsAE17o5n",
        "children": [
            {
                "name": "ITgAymja4e",
                "age": 10
            },
            {
                "name": "QQlb4m0nvU",
                "age": 16
            }
        ],
        "important_dates": {
            "birthdays": [
                "4/23/1984"
            ],
            "anniversary": null
        },
        "hobbies": [
            "gJ9sPuoGSZ",
            "YTiXEKuhc2",
            "5ZvtBi9OH8",
            "PwHIATRaFq"
        ],
        "passion_projects": [
            "aj3RTESQ5T",
            "ksFje4x5Sa",
            "eIeEQayKE9"
        ]
    },
    "financial_details": {
        "net_worth": 346472,
        "assets": {
            "real_estate": [
                {
                    "type": "Rental Property",
                    "value": 1755727,
                    "mortgage_balance": 639178
                }
            ],
            "investments": {
                "stocks": 132417,
                "bonds": 194271,
                "mutual_funds": 88713
            },
            "savings": 18801,
            "business_interests": [
                {
                    "name": "YjXErDQLIL",
                    "value": 27150
                }
            ],
            "collectibles": [
                {
                    "type": "Photography Equipment",
                    "value": 42080
                }
            ]
        },
        "liabilities": {
            "total_liabilities": 5138,
            "details": [
                {
                    "type": "Mortgage",
                    "balance": 43583
                }
            ]
        },
        "income": {
            "primary_income": 89516,
            "rental_income": 35240,
            "dividends": 11017,
            "total_income": 278589
        },
        "expenses": {
            "monthly_living_expenses": 6148,
            "discretionary_spending": 4138,
            "upcoming_major_expenses": [
                {
                    "type": "College Tuition",
                    "amount": 23516,
                    "due_date": "5/24/2025"
                }
            ]
        }
    },
    "investment_preferences": {
        "risk_tolerance": "Low",
        "portfolio_objectives": "Growth",
        "ethical_preferences": [
            "Sustainable Investing"
        ],
        "experience": "7 years in stocks"
    },
    "tax_and_estate_planning": {
        "tax_bracket": "12%",
        "strategies": [
            "Tax-efficient Investments"
        ],
        "estate_plan": {
            "wills": false,
            "trusts": [
                "Charitable Trust"
            ],
            "charitable_goals": [
                {
                    "organization": "WhgNPuyZEy",
                    "goal": "Leave $28402 as a bequest"
                }
            ]
        }
    },
    "short_and_long_term_goals": {
        "short_term": [
            "Save $4280 for a vacation"
        ],
        "long_term": [
            "Retire at 60 with $134499 annual income"
        ]
    },
    "communication_preferences": {
        "meeting_frequency": "Annually",
        "preferred_style": "Detailed Analysis",
        "preferred_mediums": [
            "Email"
        ]
    },
    "feedback_and_concerns": {
        "portfolio_performance": "Concerned about returns",
        "market_concerns": "Inflation",
        "life_changes": "Marriage"
    },
    "meeting_notes": [
        {
            "date": "3/13/2025",
            "summary": [
                "XbPGXVj9rn"
            ]
        }
    ]
}