{
    "personal_details": {
        "first_name": "0IDJaVza57",
        "last_name": "Yx0IkLLGaA",
        "age": 60,
        "marital_status": "Divorced",
        "spouse_name": "F3QXXw5Rz9",
        "children": [
            {
                "name": "BoHLwqlGCG",
                "age": 11
            },
            {
                "name": "vK8z6jfeDc",
                "age": 15
            },
            {
                "name": "l8PFEpZPRS",
                "age": 3
            },
            {
                "name": "YSBrkZZNPZ",
                "age": 6
            }
        ],
        "important_dates": {
            "birthdays": [
                "7/3/1984"
            ],
            "anniversary": null
        },
        "hobbies": [
            "GnR58q8BrK",
            "F3sseTLHbr"
        ],
        "passion_projects": [
            "wVVFMNkzvL",
            "hmoWaRp10A",
            "5AnWEVbFRv"
        ]
    },
    "financial_details": {
        "net_worth": 4276493,
        "assets": {
            "real_estate": [
                {
                    "type": "Vacation Home",
                    "value": 1538444,
                    "mortgage_balance": 227230
                }
            ],
            "investments": {
                "stocks": 439160,
                "bonds": 184224,
                "mutual_funds": 371597
            },
            "savings": 71551,
            "business_interests": [
                {
                    "name": "pOU6ZDWvsf",
                    "value": 734306
                }
            ],
            "collectibles": [
                {
                    "type": "Photography Equipment",
                    "value": 42438
                }
            ]
        },
        "liabilities": {
            "total_liabilities": 444621,
            "details": [
                {
                    "type": "Car Loan",
                    "balance": 27365
                }
            ]
        },
        "income": {
            "primary_income": 148211,
            "rental_income": 41558,
            "dividends": 16642,
            "total_income": 273637
        },
        "expenses": {
            "monthly_living_expenses": 8072,
            "discretionary_spending": 1059,
            "upcoming_major_expenses": [
                {
                    "type": "College Tuition",
                    "amount": 38714,
                    "due_date": "11/26/2028"
                }
            ]
        }
    },
    "investment_preferences": {
        "risk_tolerance": "High",
        "portfolio_objectives": "Growth",
        "ethical_preferences": [
            "Sustainable Investing"
        ],
        "experience": "9 years in stocks"
    },
    "tax_and_estate_planning": {
        "tax_bracket": "28%",
        "strategies": [
            "Tax-efficient Investments"
        ],
        "estate_plan": {
            "wills": false,
            "trusts": [
                "Charitable Trust"
            ],
            "charitable_goals": [
                {
                    "organization": "5cHmI6FWrw",
                    "goal": "Leave $7336 as a bequest"
                }
            ]
        }
    },
    "short_and_long_term_goals": {
        "short_term": [
            "Save $16172 for a vacation"
        ],
        "long_term": [
            "Retire at 60 with $164995 annual income"
        ]
    },
    "communication_preferences": {
        "meeting_frequency": "Quarterly",
        "preferred_style": "Detailed Analysis",
        "preferred_mediums": [
            "Email"
        ]
    },
    "feedback_and_concerns": {
        "portfolio_performance": "Concerned about returns",
        "market_concerns": "Recession",
        "life_changes": "Marriage"
    },
    "meeting_notes": [
        {
            "date": "2/7/2029",
            "summary": [
                "0QIknCDnOo"
            ]
        }
    ]
}