{
    "personal_details": {
        "first_name": "8AaneZnrpG",
        "last_name": "En8HGwNVz8",
        "age": 83,
        "marital_status": "Single",
        "spouse_name": "IWR5fNXmc4",
        "children": [
            {
                "name": "jf1v5HhaDB",
                "age": 10
            },
            {
                "name": "bB4SLr50m6",
                "age": 6
            }
        ],
        "important_dates": {
            "birthdays": [
                "3/20/1982"
            ],
            "anniversary": null
        },
        "hobbies": [
            "e6QclmUvNX",
            "j4QPP2crFQ",
            "nHcJ8c387X",
            "YzKdr8XDlC"
        ],
        "passion_projects": [
            "TSAgVqr04Q",
            "00Reiaumy8",
            "bifgowziDc"
        ]
    },
    "financial_details": {
        "net_worth": 2583175,
        "assets": {
            "real_estate": [
                {
                    "type": "Vacation Home",
                    "value": 275621,
                    "mortgage_balance": 807844
                }
            ],
            "investments": {
                "stocks": 267928,
                "bonds": 263068,
                "mutual_funds": 381476
            },
            "savings": 173850,
            "business_interests": [
                {
                    "name": "uwulk8zCyq",
                    "value": 718429
                }
            ],
            "collectibles": [
                {
                    "type": "Photography Equipment",
                    "value": 5037
                }
            ]
        },
        "liabilities": {
            "total_liabilities": 315494,
            "details": [
                {
                    "type": "Mortgage",
                    "balance": 35103
                }
            ]
        },
        "income": {
            "primary_income": 127843,
            "rental_income": 10377,
            "dividends": 14262,
            "total_income": 75928
        },
        "expenses": {
            "monthly_living_expenses": 5430,
            "discretionary_spending": 1647,
            "upcoming_major_expenses": [
                {
                    "type": "College Tuition",
                    "amount": 19596,
                    "due_date": "2/19/2028"
                }
            ]
        }
    },
    "investment_preferences": {
        "risk_tolerance": "High",
        "portfolio_objectives": "Growth",
        "ethical_preferences": [
            "Sustainable Investing"
        ],
        "experience": "4 years in stocks"
    },
    "tax_and_estate_planning": {
        "tax_bracket": "28%",
        "strategies": [
            "Tax-efficient Investments"
        ],
        "estate_plan": {
            "wills": false,
            "trusts": [
                "Charitable Trust"
            ],
            "charitable_goals": [
                {
                    "organization": "xrp8iC0kbp",
                    "goal": "Leave $14944 as a bequest"
                }
            ]
        }
    },
    "short_and_long_term_goals": {
        "short_term": [
            "Save $13306 for a vacation"
        ],
        "long_term": [
            "Retire at 60 with $57462 annual income"
        ]
    },
    "communication_preferences": {
        "meeting_frequency": "Annually",
        "preferred_style": "High-level Summaries",
        "preferred_mediums": [
            "In-person"
        ]
    },
    "feedback_and_concerns": {
        "portfolio_performance": "Concerned about returns",
        "market_concerns": "Recession",
        "life_changes": "Marriage"
    },
    "meeting_notes": [
        {
            "date": "6/16/2027",
            "summary": [
                "U7rUz1iphY"
            ]
        }
    ]
}