{
    "personal_details": {
        "first_name": "oD5psBFyg5",
        "last_name": "qTGbP4nLTH",
        "age": 32,
        "marital_status": "Married",
        "spouse_name": null,
        "children": [
            {
                "name": "b8wS9U09DP",
                "age": 18
            },
            {
                "name": "8uqoCK9S64",
                "age": 4
            },
            {
                "name": "vjoxUE06Nc",
                "age": 9
            }
        ],
        "important_dates": {
            "birthdays": [
                "5/15/1983"
            ],
            "anniversary": "11/4/2003"
        },
        "hobbies": [
            "ao1qaLjPwj",
            "Dk00fOHlkR",
            "GzIeA5Yold",
            "rjFki7zFuL",
            "IL7JpOU83F"
        ],
        "passion_projects": [
            "ufRVRktavb"
        ]
    },
    "financial_details": {
        "net_worth": 3840588,
        "assets": {
            "real_estate": [
                {
                    "type": "Primary Residence",
                    "value": 578471,
                    "mortgage_balance": 269624
                }
            ],
            "investments": {
                "stocks": 254769,
                "bonds": 203651,
                "mutual_funds": 187162
            },
            "savings": 32964,
            "business_interests": [
                {
                    "name": "Mf2wxktXk3",
                    "value": 670139
                }
            ],
            "collectibles": [
                {
                    "type": "Photography Equipment",
                    "value": 37632
                }
            ]
        },
        "liabilities": {
            "total_liabilities": 206557,
            "details": [
                {
                    "type": "Car Loan",
                    "balance": 90548
                }
            ]
        },
        "income": {
            "primary_income": 78463,
            "rental_income": 12222,
            "dividends": 12368,
            "total_income": 54609
        },
        "expenses": {
            "monthly_living_expenses": 5895,
            "discretionary_spending": 1638,
            "upcoming_major_expenses": [
                {
                    "type": "College Tuition",
                    "amount": 28515,
                    "due_date": "4/16/2025"
                }
            ]
        }
    },
    "investment_preferences": {
        "risk_tolerance": "High",
        "portfolio_objectives": "Growth",
        "ethical_preferences": [
            "Sustainable Investing"
        ],
        "experience": "14 years in stocks"
    },
    "tax_and_estate_planning": {
        "tax_bracket": "12%",
        "strategies": [
            "Charitable Contributions"
        ],
        "estate_plan": {
            "wills": false,
            "trusts": [
                "Charitable Trust"
            ],
            "charitable_goals": [
                {
                    "organization": "YwJLNHdLfZ",
                    "goal": "Leave $53104 as a bequest"
                }
            ]
        }
    },
    "short_and_long_term_goals": {
        "short_term": [
            "Save $14688 for a vacation"
        ],
        "long_term": [
            "Retire at 60 with $86384 annual income"
        ]
    },
    "communication_preferences": {
        "meeting_frequency": "Annually",
        "preferred_style": "High-level Summaries",
        "preferred_mediums": [
            "In-person"
        ]
    },
    "feedback_and_concerns": {
        "portfolio_performance": "Concerned about returns",
        "market_concerns": "Inflation",
        "life_changes": "New Job"
    },
    "meeting_notes": [
        {
            "date": "4/18/2025",
            "summary": [
                "krwn8CBcfw"
            ]
        }
    ]
}