{
    "personal_details": {
        "first_name": "ZP11zeyxpl",
        "last_name": "aenqvmmIRn",
        "age": 50,
        "marital_status": "Single",
        "spouse_name": null,
        "children": [
            {
                "name": "rZsvEdlICR",
                "age": 17
            },
            {
                "name": "4eAvfFeccm",
                "age": 15
            },
            {
                "name": "Uzz0C9OMGG",
                "age": 7
            }
        ],
        "important_dates": {
            "birthdays": [
                "8/16/1988"
            ],
            "anniversary": "10/2/2004"
        },
        "hobbies": [
            "DLIcRmRa0e",
            "3I0Sl4H5hi",
            "nauDLpXf7D",
            "e1VE7wvWDa"
        ],
        "passion_projects": [
            "hqjGiBBwVG"
        ]
    },
    "financial_details": {
        "net_worth": 3247658,
        "assets": {
            "real_estate": [
                {
                    "type": "Rental Property",
                    "value": 1710106,
                    "mortgage_balance": 609090
                }
            ],
            "investments": {
                "stocks": 448499,
                "bonds": 192582,
                "mutual_funds": 81868
            },
            "savings": 139502,
            "business_interests": [
                {
                    "name": "D0BeRE1u3I",
                    "value": 14420
                }
            ],
            "collectibles": [
                {
                    "type": "Photography Equipment",
                    "value": 15877
                }
            ]
        },
        "liabilities": {
            "total_liabilities": 200464,
            "details": [
                {
                    "type": "Student Loan",
                    "balance": 45580
                }
            ]
        },
        "income": {
            "primary_income": 57585,
            "rental_income": 21732,
            "dividends": 639,
            "total_income": 142012
        },
        "expenses": {
            "monthly_living_expenses": 6036,
            "discretionary_spending": 1918,
            "upcoming_major_expenses": [
                {
                    "type": "College Tuition",
                    "amount": 22926,
                    "due_date": "3/2/2026"
                }
            ]
        }
    },
    "investment_preferences": {
        "risk_tolerance": "High",
        "portfolio_objectives": "Growth",
        "ethical_preferences": [
            "ESG Investing"
        ],
        "experience": "18 years in stocks"
    },
    "tax_and_estate_planning": {
        "tax_bracket": "32%",
        "strategies": [
            "Charitable Contributions"
        ],
        "estate_plan": {
            "wills": false,
            "trusts": [
                "Charitable Trust"
            ],
            "charitable_goals": [
                {
                    "organization": "Zl8UTD9tnJ",
                    "goal": "Leave $76565 as a bequest"
                }
            ]
        }
    },
    "short_and_long_term_goals": {
        "short_term": [
            "Save $19025 for a vacation"
        ],
        "long_term": [
            "Retire at 60 with $78945 annual income"
        ]
    },
    "communication_preferences": {
        "meeting_frequency": "Annually",
        "preferred_style": "High-level Summaries",
        "preferred_mediums": [
            "In-person"
        ]
    },
    "feedback_and_concerns": {
        "portfolio_performance": "Concerned about returns",
        "market_concerns": "Inflation",
        "life_changes": "New Job"
    },
    "meeting_notes": [
        {
            "date": "2/9/2023",
            "summary": [
                "zvF183deyU"
            ]
        }
    ]
}