{
    "personal_details": {
        "first_name": "XU9trKzmsl",
        "last_name": "DfvpNDhvYd",
        "age": 79,
        "marital_status": "Married",
        "spouse_name": null,
        "children": [
            {
                "name": "vkGYulCmW6",
                "age": 15
            },
            {
                "name": "Km8ODXF1X5",
                "age": 9
            },
            {
                "name": "F3okBPiok1",
                "age": 11
            }
        ],
        "important_dates": {
            "birthdays": [
                "4/28/1989"
            ],
            "anniversary": null
        },
        "hobbies": [
            "mRSlZJu0PN",
            "1piLMuOMxU",
            "7bOotcd5a0",
            "EYFf6LS60B",
            "W5rHf2lJB2"
        ],
        "passion_projects": [
            "HRlI3oVgSH"
        ]
    },
    "financial_details": {
        "net_worth": 765654,
        "assets": {
            "real_estate": [
                {
                    "type": "Primary Residence",
                    "value": 938076,
                    "mortgage_balance": 800435
                }
            ],
            "investments": {
                "stocks": 247270,
                "bonds": 254350,
                "mutual_funds": 356769
            },
            "savings": 163065,
            "business_interests": [
                {
                    "name": "yrkEYI0CA6",
                    "value": 285109
                }
            ],
            "collectibles": [
                {
                    "type": "Art",
                    "value": 49508
                }
            ]
        },
        "liabilities": {
            "total_liabilities": 126843,
            "details": [
                {
                    "type": "Car Loan",
                    "balance": 22995
                }
            ]
        },
        "income": {
            "primary_income": 62142,
            "rental_income": 43631,
            "dividends": 16648,
            "total_income": 30350
        },
        "expenses": {
            "monthly_living_expenses": 9817,
            "discretionary_spending": 1281,
            "upcoming_major_expenses": [
                {
                    "type": "College Tuition",
                    "amount": 27572,
                    "due_date": "6/25/2025"
                }
            ]
        }
    },
    "investment_preferences": {
        "risk_tolerance": "High",
        "portfolio_objectives": "Income Generation",
        "ethical_preferences": [
            "ESG Investing"
        ],
        "experience": "1 years in stocks"
    },
    "tax_and_estate_planning": {
        "tax_bracket": "23%",
        "strategies": [
            "Tax-efficient Investments"
        ],
        "estate_plan": {
            "wills": false,
            "trusts": [
                "Family Trust"
            ],
            "charitable_goals": [
                {
                    "organization": "fqZF8uTKzu",
                    "goal": "Leave $32742 as a bequest"
                }
            ]
        }
    },
    "short_and_long_term_goals": {
        "short_term": [
            "Save $5359 for a vacation"
        ],
        "long_term": [
            "Retire at 60 with $112676 annual income"
        ]
    },
    "communication_preferences": {
        "meeting_frequency": "Annually",
        "preferred_style": "High-level Summaries",
        "preferred_mediums": [
            "Phone"
        ]
    },
    "feedback_and_concerns": {
        "portfolio_performance": "Satisfied",
        "market_concerns": "Recession",
        "life_changes": "New Job"
    },
    "meeting_notes": [
        {
            "date": "7/7/2026",
            "summary": [
                "0TBdy0XqBt"
            ]
        }
    ]
}