{
    "personal_details": {
        "first_name": "aYA4ZDerRv",
        "last_name": "c9hyNp3m9J",
        "age": 31,
        "marital_status": "Married",
        "spouse_name": "v0SVJiGcrH",
        "children": [
            {
                "name": "v8OPStcgZc",
                "age": 16
            }
        ],
        "important_dates": {
            "birthdays": [
                "12/3/1985"
            ],
            "anniversary": null
        },
        "hobbies": [
            "vJo9KVmEjJ",
            "YdBHbjO9xm",
            "bGRw6D8yAA",
            "1KMdyADm1m",
            "Xcoay8pc1s"
        ],
        "passion_projects": [
            "I6cmNQg1ab",
            "tPHRYlCKIQ",
            "D09UdU7Tks"
        ]
    },
    "financial_details": {
        "net_worth": 2307421,
        "assets": {
            "real_estate": [
                {
                    "type": "Vacation Home",
                    "value": 1277620,
                    "mortgage_balance": 139345
                }
            ],
            "investments": {
                "stocks": 41063,
                "bonds": 224771,
                "mutual_funds": 306453
            },
            "savings": 21785,
            "business_interests": [
                {
                    "name": "rhLY8ajYzU",
                    "value": 752730
                }
            ],
            "collectibles": [
                {
                    "type": "Photography Equipment",
                    "value": 15296
                }
            ]
        },
        "liabilities": {
            "total_liabilities": 401288,
            "details": [
                {
                    "type": "Car Loan",
                    "balance": 82905
                }
            ]
        },
        "income": {
            "primary_income": 80168,
            "rental_income": 7648,
            "dividends": 3383,
            "total_income": 42959
        },
        "expenses": {
            "monthly_living_expenses": 4666,
            "discretionary_spending": 2108,
            "upcoming_major_expenses": [
                {
                    "type": "College Tuition",
                    "amount": 18077,
                    "due_date": "4/7/2029"
                }
            ]
        }
    },
    "investment_preferences": {
        "risk_tolerance": "Low",
        "portfolio_objectives": "Growth",
        "ethical_preferences": [
            "Sustainable Investing"
        ],
        "experience": "13 years in stocks"
    },
    "tax_and_estate_planning": {
        "tax_bracket": "12%",
        "strategies": [
            "Tax-efficient Investments"
        ],
        "estate_plan": {
            "wills": false,
            "trusts": [
                "Charitable Trust"
            ],
            "charitable_goals": [
                {
                    "organization": "i3aX7oaBr4",
                    "goal": "Leave $78074 as a bequest"
                }
            ]
        }
    },
    "short_and_long_term_goals": {
        "short_term": [
            "Save $7948 for a vacation"
        ],
        "long_term": [
            "Retire at 60 with $170717 annual income"
        ]
    },
    "communication_preferences": {
        "meeting_frequency": "Quarterly",
        "preferred_style": "High-level Summaries",
        "preferred_mediums": [
            "Email"
        ]
    },
    "feedback_and_concerns": {
        "portfolio_performance": "Concerned about returns",
        "market_concerns": "Interest Rates",
        "life_changes": "Retirement"
    },
    "meeting_notes": [
        {
            "date": "3/2/2024",
            "summary": [
                "FfVJDKaRA1"
            ]
        }
    ]
}