{
    "personal_details": {
        "first_name": "wtYM1ho0lJ",
        "last_name": "Vx0luA85MB",
        "age": 49,
        "marital_status": "Divorced",
        "spouse_name": "phvy3T9E9d",
        "children": [
            {
                "name": "tSfrDfVhgc",
                "age": 1
            },
            {
                "name": "H9kw48iclq",
                "age": 8
            }
        ],
        "important_dates": {
            "birthdays": [
                "11/13/1984"
            ],
            "anniversary": "12/24/2002"
        },
        "hobbies": [
            "rlSh5Jp1pJ",
            "v225j2zN92",
            "1EcPQRjdpM"
        ],
        "passion_projects": [
            "JFhyUYCDfN"
        ]
    },
    "financial_details": {
        "net_worth": 511176,
        "assets": {
            "real_estate": [
                {
                    "type": "Primary Residence",
                    "value": 660753,
                    "mortgage_balance": 407524
                }
            ],
            "investments": {
                "stocks": 496736,
                "bonds": 91415,
                "mutual_funds": 237721
            },
            "savings": 81134,
            "business_interests": [
                {
                    "name": "lQYep0y4I0",
                    "value": 980765
                }
            ],
            "collectibles": [
                {
                    "type": "Art",
                    "value": 43397
                }
            ]
        },
        "liabilities": {
            "total_liabilities": 189315,
            "details": [
                {
                    "type": "Mortgage",
                    "balance": 86211
                }
            ]
        },
        "income": {
            "primary_income": 37601,
            "rental_income": 21856,
            "dividends": 6623,
            "total_income": 295242
        },
        "expenses": {
            "monthly_living_expenses": 1780,
            "discretionary_spending": 3791,
            "upcoming_major_expenses": [
                {
                    "type": "College Tuition",
                    "amount": 17729,
                    "due_date": "1/23/2027"
                }
            ]
        }
    },
    "investment_preferences": {
        "risk_tolerance": "High",
        "portfolio_objectives": "Income Generation",
        "ethical_preferences": [
            "ESG Investing"
        ],
        "experience": "3 years in stocks"
    },
    "tax_and_estate_planning": {
        "tax_bracket": "13%",
        "strategies": [
            "Charitable Contributions"
        ],
        "estate_plan": {
            "wills": false,
            "trusts": [
                "Charitable Trust"
            ],
            "charitable_goals": [
                {
                    "organization": "WFQd7ZFOBy",
                    "goal": "Leave $73652 as a bequest"
                }
            ]
        }
    },
    "short_and_long_term_goals": {
        "short_term": [
            "Save $5310 for a vacation"
        ],
        "long_term": [
            "Retire at 60 with $127872 annual income"
        ]
    },
    "communication_preferences": {
        "meeting_frequency": "Annually",
        "preferred_style": "Detailed Analysis",
        "preferred_mediums": [
            "Phone"
        ]
    },
    "feedback_and_concerns": {
        "portfolio_performance": "Concerned about returns",
        "market_concerns": "Interest Rates",
        "life_changes": "New Job"
    },
    "meeting_notes": [
        {
            "date": "9/28/2026",
            "summary": [
                "8CYGUev7fA"
            ]
        }
    ]
}