{
    "personal_details": {
        "first_name": "k1sWCqtLVt",
        "last_name": "fS9UxRfrET",
        "age": 38,
        "marital_status": "Single",
        "spouse_name": "TAiwbbgJxz",
        "children": [
            {
                "name": "abAxMq86bb",
                "age": 4
            }
        ],
        "important_dates": {
            "birthdays": [
                "9/20/1987"
            ],
            "anniversary": "12/25/2003"
        },
        "hobbies": [
            "MF6R0y0xgx"
        ],
        "passion_projects": [
            "TCkSr6bKl0"
        ]
    },
    "financial_details": {
        "net_worth": 339298,
        "assets": {
            "real_estate": [
                {
                    "type": "Vacation Home",
                    "value": 1919809,
                    "mortgage_balance": 587491
                }
            ],
            "investments": {
                "stocks": 431785,
                "bonds": 24344,
                "mutual_funds": 220473
            },
            "savings": 148895,
            "business_interests": [
                {
                    "name": "w6EAzgN4hC",
                    "value": 615109
                }
            ],
            "collectibles": [
                {
                    "type": "Art",
                    "value": 1203
                }
            ]
        },
        "liabilities": {
            "total_liabilities": 456533,
            "details": [
                {
                    "type": "Car Loan",
                    "balance": 61737
                }
            ]
        },
        "income": {
            "primary_income": 93248,
            "rental_income": 43610,
            "dividends": 3677,
            "total_income": 190676
        },
        "expenses": {
            "monthly_living_expenses": 5409,
            "discretionary_spending": 2063,
            "upcoming_major_expenses": [
                {
                    "type": "College Tuition",
                    "amount": 24403,
                    "due_date": "10/24/2026"
                }
            ]
        }
    },
    "investment_preferences": {
        "risk_tolerance": "Moderate",
        "portfolio_objectives": "Growth",
        "ethical_preferences": [
            "Sustainable Investing"
        ],
        "experience": "13 years in stocks"
    },
    "tax_and_estate_planning": {
        "tax_bracket": "20%",
        "strategies": [
            "Tax-efficient Investments"
        ],
        "estate_plan": {
            "wills": false,
            "trusts": [
                "Family Trust"
            ],
            "charitable_goals": [
                {
                    "organization": "nX9ja88qb6",
                    "goal": "Leave $77927 as a bequest"
                }
            ]
        }
    },
    "short_and_long_term_goals": {
        "short_term": [
            "Save $4990 for a vacation"
        ],
        "long_term": [
            "Retire at 60 with $78422 annual income"
        ]
    },
    "communication_preferences": {
        "meeting_frequency": "Annually",
        "preferred_style": "Detailed Analysis",
        "preferred_mediums": [
            "Email"
        ]
    },
    "feedback_and_concerns": {
        "portfolio_performance": "Satisfied",
        "market_concerns": "Inflation",
        "life_changes": "Marriage"
    },
    "meeting_notes": [
        {
            "date": "3/12/2029",
            "summary": [
                "1WUnq4sLnb"
            ]
        }
    ]
}