{
    "personal_details": {
        "first_name": "OfmAoFE1Yo",
        "last_name": "V3uHTcGJ1a",
        "age": 36,
        "marital_status": "Divorced",
        "spouse_name": "bll60f6VDx",
        "children": [],
        "important_dates": {
            "birthdays": [
                "5/19/1989"
            ],
            "anniversary": "9/24/2001"
        },
        "hobbies": [
            "xG3KfOH6S8",
            "0oWR8LHReb",
            "cdd8KzCaPh"
        ],
        "passion_projects": [
            "ws0z5Pzbd7",
            "6QVoLZ662J",
            "LgyYwcTPZL"
        ]
    },
    "financial_details": {
        "net_worth": 3262812,
        "assets": {
            "real_estate": [
                {
                    "type": "Primary Residence",
                    "value": 766945,
                    "mortgage_balance": 592850
                }
            ],
            "investments": {
                "stocks": 18768,
                "bonds": 136245,
                "mutual_funds": 123328
            },
            "savings": 40051,
            "business_interests": [
                {
                    "name": "Pim5rnjEKw",
                    "value": 903697
                }
            ],
            "collectibles": [
                {
                    "type": "Photography Equipment",
                    "value": 46197
                }
            ]
        },
        "liabilities": {
            "total_liabilities": 413246,
            "details": [
                {
                    "type": "Student Loan",
                    "balance": 48202
                }
            ]
        },
        "income": {
            "primary_income": 128702,
            "rental_income": 30996,
            "dividends": 16526,
            "total_income": 53120
        },
        "expenses": {
            "monthly_living_expenses": 2588,
            "discretionary_spending": 1072,
            "upcoming_major_expenses": [
                {
                    "type": "College Tuition",
                    "amount": 8261,
                    "due_date": "10/7/2023"
                }
            ]
        }
    },
    "investment_preferences": {
        "risk_tolerance": "High",
        "portfolio_objectives": "Income Generation",
        "ethical_preferences": [
            "Sustainable Investing"
        ],
        "experience": "9 years in stocks"
    },
    "tax_and_estate_planning": {
        "tax_bracket": "20%",
        "strategies": [
            "Tax-efficient Investments"
        ],
        "estate_plan": {
            "wills": true,
            "trusts": [
                "Charitable Trust"
            ],
            "charitable_goals": [
                {
                    "organization": "ZYVpDA1xhC",
                    "goal": "Leave $49323 as a bequest"
                }
            ]
        }
    },
    "short_and_long_term_goals": {
        "short_term": [
            "Save $18404 for a vacation"
        ],
        "long_term": [
            "Retire at 60 with $150451 annual income"
        ]
    },
    "communication_preferences": {
        "meeting_frequency": "Monthly",
        "preferred_style": "Detailed Analysis",
        "preferred_mediums": [
            "In-person"
        ]
    },
    "feedback_and_concerns": {
        "portfolio_performance": "Satisfied",
        "market_concerns": "Recession",
        "life_changes": "Retirement"
    },
    "meeting_notes": [
        {
            "date": "11/17/2026",
            "summary": [
                "oMWlMQKpkw"
            ]
        }
    ]
}