{
    "personal_details": {
        "first_name": "FoKgS5QQg3",
        "last_name": "LbCdzLZiDf",
        "age": 39,
        "marital_status": "Divorced",
        "spouse_name": null,
        "children": [
            {
                "name": "BLV5CPWwuT",
                "age": 15
            },
            {
                "name": "5PmE7nYNG8",
                "age": 9
            }
        ],
        "important_dates": {
            "birthdays": [
                "5/22/1983"
            ],
            "anniversary": "11/6/2008"
        },
        "hobbies": [
            "bsj1W8HRMj",
            "EeVkAVL1HI",
            "U6ve08RVm2",
            "iJ9c8ianHf"
        ],
        "passion_projects": [
            "C6uRUtZ4MK"
        ]
    },
    "financial_details": {
        "net_worth": 3503015,
        "assets": {
            "real_estate": [
                {
                    "type": "Vacation Home",
                    "value": 477657,
                    "mortgage_balance": 215144
                }
            ],
            "investments": {
                "stocks": 188587,
                "bonds": 135490,
                "mutual_funds": 175345
            },
            "savings": 23249,
            "business_interests": [
                {
                    "name": "9XVloAM0LG",
                    "value": 330484
                }
            ],
            "collectibles": [
                {
                    "type": "Photography Equipment",
                    "value": 29265
                }
            ]
        },
        "liabilities": {
            "total_liabilities": 45581,
            "details": [
                {
                    "type": "Student Loan",
                    "balance": 31839
                }
            ]
        },
        "income": {
            "primary_income": 128511,
            "rental_income": 17027,
            "dividends": 4919,
            "total_income": 48305
        },
        "expenses": {
            "monthly_living_expenses": 7885,
            "discretionary_spending": 1384,
            "upcoming_major_expenses": [
                {
                    "type": "College Tuition",
                    "amount": 19984,
                    "due_date": "12/16/2026"
                }
            ]
        }
    },
    "investment_preferences": {
        "risk_tolerance": "Low",
        "portfolio_objectives": "Growth",
        "ethical_preferences": [
            "Sustainable Investing"
        ],
        "experience": "3 years in stocks"
    },
    "tax_and_estate_planning": {
        "tax_bracket": "18%",
        "strategies": [
            "Tax-efficient Investments"
        ],
        "estate_plan": {
            "wills": false,
            "trusts": [
                "Family Trust"
            ],
            "charitable_goals": [
                {
                    "organization": "4JtbcFgySb",
                    "goal": "Leave $30513 as a bequest"
                }
            ]
        }
    },
    "short_and_long_term_goals": {
        "short_term": [
            "Save $1812 for a vacation"
        ],
        "long_term": [
            "Retire at 60 with $99224 annual income"
        ]
    },
    "communication_preferences": {
        "meeting_frequency": "Quarterly",
        "preferred_style": "Detailed Analysis",
        "preferred_mediums": [
            "In-person"
        ]
    },
    "feedback_and_concerns": {
        "portfolio_performance": "Satisfied",
        "market_concerns": "Inflation",
        "life_changes": "Retirement"
    },
    "meeting_notes": [
        {
            "date": "3/24/2027",
            "summary": [
                "jjgpwlbR2F"
            ]
        }
    ]
}