{
    "personal_details": {
        "first_name": "5DaectELx6",
        "last_name": "Dnu1IGQ077",
        "age": 47,
        "marital_status": "Single",
        "spouse_name": null,
        "children": [],
        "important_dates": {
            "birthdays": [
                "1/19/1984"
            ],
            "anniversary": "10/23/2007"
        },
        "hobbies": [
            "ShjuaixAnW"
        ],
        "passion_projects": [
            "naFyYKldl6",
            "VfEKd0dO8w",
            "RpIHtYAyQv"
        ]
    },
    "financial_details": {
        "net_worth": 78092,
        "assets": {
            "real_estate": [
                {
                    "type": "Primary Residence",
                    "value": 1104750,
                    "mortgage_balance": 872182
                }
            ],
            "investments": {
                "stocks": 30493,
                "bonds": 93655,
                "mutual_funds": 184431
            },
            "savings": 94176,
            "business_interests": [
                {
                    "name": "lx37zH77dr",
                    "value": 149478
                }
            ],
            "collectibles": [
                {
                    "type": "Photography Equipment",
                    "value": 36807
                }
            ]
        },
        "liabilities": {
            "total_liabilities": 50333,
            "details": [
                {
                    "type": "Car Loan",
                    "balance": 83377
                }
            ]
        },
        "income": {
            "primary_income": 194116,
            "rental_income": 926,
            "dividends": 11385,
            "total_income": 46938
        },
        "expenses": {
            "monthly_living_expenses": 7624,
            "discretionary_spending": 2687,
            "upcoming_major_expenses": [
                {
                    "type": "College Tuition",
                    "amount": 11583,
                    "due_date": "4/13/2026"
                }
            ]
        }
    },
    "investment_preferences": {
        "risk_tolerance": "Moderate",
        "portfolio_objectives": "Income Generation",
        "ethical_preferences": [
            "ESG Investing"
        ],
        "experience": "11 years in stocks"
    },
    "tax_and_estate_planning": {
        "tax_bracket": "22%",
        "strategies": [
            "Charitable Contributions"
        ],
        "estate_plan": {
            "wills": true,
            "trusts": [
                "Charitable Trust"
            ],
            "charitable_goals": [
                {
                    "organization": "sFcELDlXt7",
                    "goal": "Leave $24458 as a bequest"
                }
            ]
        }
    },
    "short_and_long_term_goals": {
        "short_term": [
            "Save $16940 for a vacation"
        ],
        "long_term": [
            "Retire at 60 with $77477 annual income"
        ]
    },
    "communication_preferences": {
        "meeting_frequency": "Annually",
        "preferred_style": "High-level Summaries",
        "preferred_mediums": [
            "Email"
        ]
    },
    "feedback_and_concerns": {
        "portfolio_performance": "Satisfied",
        "market_concerns": "Interest Rates",
        "life_changes": "New Job"
    },
    "meeting_notes": [
        {
            "date": "6/13/2025",
            "summary": [
                "QyJpXwLEan"
            ]
        }
    ]
}