{
    "personal_details": {
        "first_name": "zNYHSNnXJZ",
        "last_name": "7nt2gCaNQd",
        "age": 36,
        "marital_status": "Single",
        "spouse_name": "Uc5dZTID0R",
        "children": [
            {
                "name": "qur13ldsRP",
                "age": 3
            },
            {
                "name": "inyOm7UpdH",
                "age": 9
            },
            {
                "name": "5QO1NTbhXT",
                "age": 12
            },
            {
                "name": "yM3opLLpYZ",
                "age": 11
            }
        ],
        "important_dates": {
            "birthdays": [
                "3/3/1985"
            ],
            "anniversary": "3/10/2004"
        },
        "hobbies": [
            "pbPfxEA6yO"
        ],
        "passion_projects": [
            "yAXNoKSeTl",
            "t6Sgs9Pe2S"
        ]
    },
    "financial_details": {
        "net_worth": 2515676,
        "assets": {
            "real_estate": [
                {
                    "type": "Primary Residence",
                    "value": 1101908,
                    "mortgage_balance": 246948
                }
            ],
            "investments": {
                "stocks": 479985,
                "bonds": 269614,
                "mutual_funds": 276733
            },
            "savings": 67988,
            "business_interests": [
                {
                    "name": "72s2INoTlF",
                    "value": 629444
                }
            ],
            "collectibles": [
                {
                    "type": "Photography Equipment",
                    "value": 3675
                }
            ]
        },
        "liabilities": {
            "total_liabilities": 272578,
            "details": [
                {
                    "type": "Student Loan",
                    "balance": 72712
                }
            ]
        },
        "income": {
            "primary_income": 74048,
            "rental_income": 28067,
            "dividends": 760,
            "total_income": 281676
        },
        "expenses": {
            "monthly_living_expenses": 1911,
            "discretionary_spending": 1749,
            "upcoming_major_expenses": [
                {
                    "type": "College Tuition",
                    "amount": 49184,
                    "due_date": "9/2/2023"
                }
            ]
        }
    },
    "investment_preferences": {
        "risk_tolerance": "High",
        "portfolio_objectives": "Growth",
        "ethical_preferences": [
            "ESG Investing"
        ],
        "experience": "9 years in stocks"
    },
    "tax_and_estate_planning": {
        "tax_bracket": "17%",
        "strategies": [
            "Charitable Contributions"
        ],
        "estate_plan": {
            "wills": true,
            "trusts": [
                "Family Trust"
            ],
            "charitable_goals": [
                {
                    "organization": "IUsSFeUQ9p",
                    "goal": "Leave $59290 as a bequest"
                }
            ]
        }
    },
    "short_and_long_term_goals": {
        "short_term": [
            "Save $5084 for a vacation"
        ],
        "long_term": [
            "Retire at 60 with $119287 annual income"
        ]
    },
    "communication_preferences": {
        "meeting_frequency": "Quarterly",
        "preferred_style": "Detailed Analysis",
        "preferred_mediums": [
            "Phone"
        ]
    },
    "feedback_and_concerns": {
        "portfolio_performance": "Concerned about returns",
        "market_concerns": "Recession",
        "life_changes": "Retirement"
    },
    "meeting_notes": [
        {
            "date": "8/9/2027",
            "summary": [
                "11423rU7Sh"
            ]
        }
    ]
}