{
    "personal_details": {
        "first_name": "5UfngDCg4Q",
        "last_name": "Msp7gVajSz",
        "age": 39,
        "marital_status": "Married",
        "spouse_name": null,
        "children": [
            {
                "name": "1mPRMjvyKf",
                "age": 18
            },
            {
                "name": "05eNSHcSMV",
                "age": 15
            }
        ],
        "important_dates": {
            "birthdays": [
                "3/11/1987"
            ],
            "anniversary": "6/17/2008"
        },
        "hobbies": [
            "JoBQKjjsST",
            "7WQnQes11N"
        ],
        "passion_projects": [
            "fQ0Si50dPP",
            "s666hr0ClS"
        ]
    },
    "financial_details": {
        "net_worth": 2781729,
        "assets": {
            "real_estate": [
                {
                    "type": "Vacation Home",
                    "value": 1629119,
                    "mortgage_balance": 653592
                }
            ],
            "investments": {
                "stocks": 459337,
                "bonds": 105914,
                "mutual_funds": 277151
            },
            "savings": 37277,
            "business_interests": [
                {
                    "name": "rTl1o2yvZ7",
                    "value": 650543
                }
            ],
            "collectibles": [
                {
                    "type": "Photography Equipment",
                    "value": 16022
                }
            ]
        },
        "liabilities": {
            "total_liabilities": 436932,
            "details": [
                {
                    "type": "Mortgage",
                    "balance": 42084
                }
            ]
        },
        "income": {
            "primary_income": 93185,
            "rental_income": 28080,
            "dividends": 3212,
            "total_income": 30513
        },
        "expenses": {
            "monthly_living_expenses": 7573,
            "discretionary_spending": 3788,
            "upcoming_major_expenses": [
                {
                    "type": "College Tuition",
                    "amount": 40925,
                    "due_date": "11/20/2029"
                }
            ]
        }
    },
    "investment_preferences": {
        "risk_tolerance": "Low",
        "portfolio_objectives": "Growth",
        "ethical_preferences": [
            "ESG Investing"
        ],
        "experience": "12 years in stocks"
    },
    "tax_and_estate_planning": {
        "tax_bracket": "32%",
        "strategies": [
            "Tax-efficient Investments"
        ],
        "estate_plan": {
            "wills": true,
            "trusts": [
                "Charitable Trust"
            ],
            "charitable_goals": [
                {
                    "organization": "mqVDihlNks",
                    "goal": "Leave $66798 as a bequest"
                }
            ]
        }
    },
    "short_and_long_term_goals": {
        "short_term": [
            "Save $9118 for a vacation"
        ],
        "long_term": [
            "Retire at 60 with $76340 annual income"
        ]
    },
    "communication_preferences": {
        "meeting_frequency": "Monthly",
        "preferred_style": "Detailed Analysis",
        "preferred_mediums": [
            "Phone"
        ]
    },
    "feedback_and_concerns": {
        "portfolio_performance": "Satisfied",
        "market_concerns": "Recession",
        "life_changes": "Marriage"
    },
    "meeting_notes": [
        {
            "date": "9/19/2028",
            "summary": [
                "IQiIeMmwxk"
            ]
        }
    ]
}