{
    "personal_details": {
        "first_name": "EV5ke9NvNw",
        "last_name": "apV4W6doy8",
        "age": 77,
        "marital_status": "Divorced",
        "spouse_name": "LPyxPr1HND",
        "children": [
            {
                "name": "3gqwRcu7gu",
                "age": 11
            },
            {
                "name": "lTFTmXKzG7",
                "age": 17
            }
        ],
        "important_dates": {
            "birthdays": [
                "9/1/1981"
            ],
            "anniversary": null
        },
        "hobbies": [
            "OCMAdz2pHa",
            "axyEoR1Dpl",
            "hdrQfoVOru"
        ],
        "passion_projects": [
            "dW13N6B0ak",
            "wlD8IsWOTC",
            "4edM4JY1H3"
        ]
    },
    "financial_details": {
        "net_worth": 4199904,
        "assets": {
            "real_estate": [
                {
                    "type": "Primary Residence",
                    "value": 127308,
                    "mortgage_balance": 363153
                }
            ],
            "investments": {
                "stocks": 399912,
                "bonds": 187947,
                "mutual_funds": 75414
            },
            "savings": 124603,
            "business_interests": [
                {
                    "name": "bPJZm4jRjv",
                    "value": 170203
                }
            ],
            "collectibles": [
                {
                    "type": "Photography Equipment",
                    "value": 15800
                }
            ]
        },
        "liabilities": {
            "total_liabilities": 93837,
            "details": [
                {
                    "type": "Car Loan",
                    "balance": 31669
                }
            ]
        },
        "income": {
            "primary_income": 43522,
            "rental_income": 24210,
            "dividends": 943,
            "total_income": 54673
        },
        "expenses": {
            "monthly_living_expenses": 5513,
            "discretionary_spending": 4720,
            "upcoming_major_expenses": [
                {
                    "type": "College Tuition",
                    "amount": 15812,
                    "due_date": "3/6/2027"
                }
            ]
        }
    },
    "investment_preferences": {
        "risk_tolerance": "High",
        "portfolio_objectives": "Income Generation",
        "ethical_preferences": [
            "ESG Investing"
        ],
        "experience": "16 years in stocks"
    },
    "tax_and_estate_planning": {
        "tax_bracket": "27%",
        "strategies": [
            "Charitable Contributions"
        ],
        "estate_plan": {
            "wills": false,
            "trusts": [
                "Family Trust"
            ],
            "charitable_goals": [
                {
                    "organization": "3tshjjtTal",
                    "goal": "Leave $35271 as a bequest"
                }
            ]
        }
    },
    "short_and_long_term_goals": {
        "short_term": [
            "Save $18387 for a vacation"
        ],
        "long_term": [
            "Retire at 60 with $186241 annual income"
        ]
    },
    "communication_preferences": {
        "meeting_frequency": "Annually",
        "preferred_style": "Detailed Analysis",
        "preferred_mediums": [
            "In-person"
        ]
    },
    "feedback_and_concerns": {
        "portfolio_performance": "Satisfied",
        "market_concerns": "Recession",
        "life_changes": "Retirement"
    },
    "meeting_notes": [
        {
            "date": "6/24/2028",
            "summary": [
                "7JftpiSApK"
            ]
        }
    ]
}