{
    "personal_details": {
        "first_name": "pTfelJvU95",
        "last_name": "oqkNp29FGv",
        "age": 49,
        "marital_status": "Married",
        "spouse_name": "kW30417vUO",
        "children": [
            {
                "name": "l1LOAMJ6gK",
                "age": 13
            },
            {
                "name": "vaIr4xSupY",
                "age": 6
            },
            {
                "name": "AmXjNl5Gdx",
                "age": 16
            }
        ],
        "important_dates": {
            "birthdays": [
                "11/22/1987"
            ],
            "anniversary": null
        },
        "hobbies": [
            "nDDi9YaTur",
            "TkYsMyHxR7",
            "wXaGDSkzAL",
            "Oyuym8c3QX"
        ],
        "passion_projects": [
            "uuZ6svS2dj",
            "Kmk4U1MV6L"
        ]
    },
    "financial_details": {
        "net_worth": 2246571,
        "assets": {
            "real_estate": [
                {
                    "type": "Vacation Home",
                    "value": 769010,
                    "mortgage_balance": 461880
                }
            ],
            "investments": {
                "stocks": 110980,
                "bonds": 57174,
                "mutual_funds": 191129
            },
            "savings": 58356,
            "business_interests": [
                {
                    "name": "ux1ozmHo6x",
                    "value": 120900
                }
            ],
            "collectibles": [
                {
                    "type": "Photography Equipment",
                    "value": 8869
                }
            ]
        },
        "liabilities": {
            "total_liabilities": 79250,
            "details": [
                {
                    "type": "Car Loan",
                    "balance": 89699
                }
            ]
        },
        "income": {
            "primary_income": 162830,
            "rental_income": 43724,
            "dividends": 14757,
            "total_income": 113799
        },
        "expenses": {
            "monthly_living_expenses": 9582,
            "discretionary_spending": 3828,
            "upcoming_major_expenses": [
                {
                    "type": "College Tuition",
                    "amount": 41952,
                    "due_date": "5/8/2024"
                }
            ]
        }
    },
    "investment_preferences": {
        "risk_tolerance": "Low",
        "portfolio_objectives": "Income Generation",
        "ethical_preferences": [
            "ESG Investing"
        ],
        "experience": "4 years in stocks"
    },
    "tax_and_estate_planning": {
        "tax_bracket": "13%",
        "strategies": [
            "Tax-efficient Investments"
        ],
        "estate_plan": {
            "wills": false,
            "trusts": [
                "Charitable Trust"
            ],
            "charitable_goals": [
                {
                    "organization": "RAsxGl6luA",
                    "goal": "Leave $2015 as a bequest"
                }
            ]
        }
    },
    "short_and_long_term_goals": {
        "short_term": [
            "Save $13606 for a vacation"
        ],
        "long_term": [
            "Retire at 60 with $172347 annual income"
        ]
    },
    "communication_preferences": {
        "meeting_frequency": "Monthly",
        "preferred_style": "High-level Summaries",
        "preferred_mediums": [
            "Phone"
        ]
    },
    "feedback_and_concerns": {
        "portfolio_performance": "Satisfied",
        "market_concerns": "Interest Rates",
        "life_changes": "New Job"
    },
    "meeting_notes": [
        {
            "date": "1/16/2024",
            "summary": [
                "jC4j6wBkfg"
            ]
        }
    ]
}