{
    "personal_details": {
        "first_name": "yrFqhick7y",
        "last_name": "USyjlvWjEL",
        "age": 26,
        "marital_status": "Divorced",
        "spouse_name": null,
        "children": [
            {
                "name": "Eo7zaGKTgj",
                "age": 2
            },
            {
                "name": "V6730k3pcQ",
                "age": 10
            },
            {
                "name": "dT7EntfFBO",
                "age": 17
            },
            {
                "name": "XbeToVD0Hl",
                "age": 10
            }
        ],
        "important_dates": {
            "birthdays": [
                "9/9/1980"
            ],
            "anniversary": null
        },
        "hobbies": [
            "lHlTOos7gX",
            "gj7e1ERw7G"
        ],
        "passion_projects": [
            "fGwBUxu0Vm",
            "cbBDpVW6EA"
        ]
    },
    "financial_details": {
        "net_worth": 4727898,
        "assets": {
            "real_estate": [
                {
                    "type": "Rental Property",
                    "value": 231293,
                    "mortgage_balance": 798664
                }
            ],
            "investments": {
                "stocks": 78404,
                "bonds": 251270,
                "mutual_funds": 56327
            },
            "savings": 183359,
            "business_interests": [
                {
                    "name": "t4blYpl2bM",
                    "value": 403201
                }
            ],
            "collectibles": [
                {
                    "type": "Photography Equipment",
                    "value": 46395
                }
            ]
        },
        "liabilities": {
            "total_liabilities": 298650,
            "details": [
                {
                    "type": "Mortgage",
                    "balance": 41686
                }
            ]
        },
        "income": {
            "primary_income": 156553,
            "rental_income": 36867,
            "dividends": 12939,
            "total_income": 138672
        },
        "expenses": {
            "monthly_living_expenses": 5317,
            "discretionary_spending": 4801,
            "upcoming_major_expenses": [
                {
                    "type": "College Tuition",
                    "amount": 32969,
                    "due_date": "5/15/2026"
                }
            ]
        }
    },
    "investment_preferences": {
        "risk_tolerance": "Moderate",
        "portfolio_objectives": "Growth",
        "ethical_preferences": [
            "ESG Investing"
        ],
        "experience": "19 years in stocks"
    },
    "tax_and_estate_planning": {
        "tax_bracket": "23%",
        "strategies": [
            "Tax-efficient Investments"
        ],
        "estate_plan": {
            "wills": true,
            "trusts": [
                "Family Trust"
            ],
            "charitable_goals": [
                {
                    "organization": "7UGB5t5S8m",
                    "goal": "Leave $58907 as a bequest"
                }
            ]
        }
    },
    "short_and_long_term_goals": {
        "short_term": [
            "Save $13696 for a vacation"
        ],
        "long_term": [
            "Retire at 60 with $145257 annual income"
        ]
    },
    "communication_preferences": {
        "meeting_frequency": "Annually",
        "preferred_style": "Detailed Analysis",
        "preferred_mediums": [
            "Email"
        ]
    },
    "feedback_and_concerns": {
        "portfolio_performance": "Satisfied",
        "market_concerns": "Interest Rates",
        "life_changes": "New Job"
    },
    "meeting_notes": [
        {
            "date": "8/18/2024",
            "summary": [
                "cOrLQbFFzx"
            ]
        }
    ]
}