{
    "personal_details": {
        "first_name": "VY6a46waDh",
        "last_name": "eNb5Qj0iZB",
        "age": 63,
        "marital_status": "Divorced",
        "spouse_name": "DPhrBCP49E",
        "children": [],
        "important_dates": {
            "birthdays": [
                "12/2/1982"
            ],
            "anniversary": "12/19/2003"
        },
        "hobbies": [
            "3G6ir93kRc"
        ],
        "passion_projects": [
            "lGhzWGdF4I",
            "aw6KtnWI4e"
        ]
    },
    "financial_details": {
        "net_worth": 4999636,
        "assets": {
            "real_estate": [
                {
                    "type": "Rental Property",
                    "value": 1829226,
                    "mortgage_balance": 447514
                }
            ],
            "investments": {
                "stocks": 79599,
                "bonds": 288537,
                "mutual_funds": 387181
            },
            "savings": 138478,
            "business_interests": [
                {
                    "name": "jGHALBs4qM",
                    "value": 383569
                }
            ],
            "collectibles": [
                {
                    "type": "Art",
                    "value": 26880
                }
            ]
        },
        "liabilities": {
            "total_liabilities": 455649,
            "details": [
                {
                    "type": "Student Loan",
                    "balance": 77079
                }
            ]
        },
        "income": {
            "primary_income": 47271,
            "rental_income": 31475,
            "dividends": 33,
            "total_income": 218786
        },
        "expenses": {
            "monthly_living_expenses": 2684,
            "discretionary_spending": 1889,
            "upcoming_major_expenses": [
                {
                    "type": "College Tuition",
                    "amount": 24301,
                    "due_date": "3/10/2027"
                }
            ]
        }
    },
    "investment_preferences": {
        "risk_tolerance": "Moderate",
        "portfolio_objectives": "Growth",
        "ethical_preferences": [
            "ESG Investing"
        ],
        "experience": "11 years in stocks"
    },
    "tax_and_estate_planning": {
        "tax_bracket": "14%",
        "strategies": [
            "Tax-efficient Investments"
        ],
        "estate_plan": {
            "wills": false,
            "trusts": [
                "Family Trust"
            ],
            "charitable_goals": [
                {
                    "organization": "wEV6gMevf9",
                    "goal": "Leave $90524 as a bequest"
                }
            ]
        }
    },
    "short_and_long_term_goals": {
        "short_term": [
            "Save $9193 for a vacation"
        ],
        "long_term": [
            "Retire at 60 with $108056 annual income"
        ]
    },
    "communication_preferences": {
        "meeting_frequency": "Annually",
        "preferred_style": "Detailed Analysis",
        "preferred_mediums": [
            "In-person"
        ]
    },
    "feedback_and_concerns": {
        "portfolio_performance": "Concerned about returns",
        "market_concerns": "Interest Rates",
        "life_changes": "Retirement"
    },
    "meeting_notes": [
        {
            "date": "8/6/2026",
            "summary": [
                "o4WpXhTnle"
            ]
        }
    ]
}