{
    "personal_details": {
        "first_name": "mB3aWexHXl",
        "last_name": "hhdr9JV8sB",
        "age": 84,
        "marital_status": "Single",
        "spouse_name": null,
        "children": [
            {
                "name": "DIKAPLgjPs",
                "age": 14
            },
            {
                "name": "GwnhDU8fkE",
                "age": 11
            },
            {
                "name": "cmtrfRDjl1",
                "age": 3
            },
            {
                "name": "iKjfTvnQfa",
                "age": 11
            }
        ],
        "important_dates": {
            "birthdays": [
                "10/13/1982"
            ],
            "anniversary": null
        },
        "hobbies": [
            "JJo9yn4Ndn"
        ],
        "passion_projects": [
            "aHLwo8HLqN",
            "TcMK9bTsl1"
        ]
    },
    "financial_details": {
        "net_worth": 2476587,
        "assets": {
            "real_estate": [
                {
                    "type": "Primary Residence",
                    "value": 1379348,
                    "mortgage_balance": 591281
                }
            ],
            "investments": {
                "stocks": 498798,
                "bonds": 134195,
                "mutual_funds": 230832
            },
            "savings": 120171,
            "business_interests": [
                {
                    "name": "8EzDF6u7Cp",
                    "value": 254052
                }
            ],
            "collectibles": [
                {
                    "type": "Art",
                    "value": 14357
                }
            ]
        },
        "liabilities": {
            "total_liabilities": 65514,
            "details": [
                {
                    "type": "Mortgage",
                    "balance": 74020
                }
            ]
        },
        "income": {
            "primary_income": 169234,
            "rental_income": 37120,
            "dividends": 403,
            "total_income": 136442
        },
        "expenses": {
            "monthly_living_expenses": 3088,
            "discretionary_spending": 3472,
            "upcoming_major_expenses": [
                {
                    "type": "College Tuition",
                    "amount": 41845,
                    "due_date": "9/8/2029"
                }
            ]
        }
    },
    "investment_preferences": {
        "risk_tolerance": "High",
        "portfolio_objectives": "Growth",
        "ethical_preferences": [
            "ESG Investing"
        ],
        "experience": "13 years in stocks"
    },
    "tax_and_estate_planning": {
        "tax_bracket": "15%",
        "strategies": [
            "Charitable Contributions"
        ],
        "estate_plan": {
            "wills": false,
            "trusts": [
                "Family Trust"
            ],
            "charitable_goals": [
                {
                    "organization": "1mIpyUZD95",
                    "goal": "Leave $12676 as a bequest"
                }
            ]
        }
    },
    "short_and_long_term_goals": {
        "short_term": [
            "Save $4886 for a vacation"
        ],
        "long_term": [
            "Retire at 60 with $164636 annual income"
        ]
    },
    "communication_preferences": {
        "meeting_frequency": "Annually",
        "preferred_style": "High-level Summaries",
        "preferred_mediums": [
            "In-person"
        ]
    },
    "feedback_and_concerns": {
        "portfolio_performance": "Concerned about returns",
        "market_concerns": "Inflation",
        "life_changes": "Retirement"
    },
    "meeting_notes": [
        {
            "date": "5/18/2029",
            "summary": [
                "DLrPxYdcFk"
            ]
        }
    ]
}