{
    "personal_details": {
        "first_name": "xf6DP5gcU6",
        "last_name": "KrEK6fSqKd",
        "age": 48,
        "marital_status": "Single",
        "spouse_name": null,
        "children": [
            {
                "name": "NKA1Bfpi0m",
                "age": 3
            },
            {
                "name": "6AVDxxakP2",
                "age": 12
            },
            {
                "name": "tRJADi9Nv4",
                "age": 13
            }
        ],
        "important_dates": {
            "birthdays": [
                "7/25/1988"
            ],
            "anniversary": "9/12/2008"
        },
        "hobbies": [
            "QlRPXCo5pY"
        ],
        "passion_projects": [
            "kKEJkPYPjb",
            "bAzaKZCEsy"
        ]
    },
    "financial_details": {
        "net_worth": 4164086,
        "assets": {
            "real_estate": [
                {
                    "type": "Vacation Home",
                    "value": 489833,
                    "mortgage_balance": 756338
                }
            ],
            "investments": {
                "stocks": 362670,
                "bonds": 184337,
                "mutual_funds": 177684
            },
            "savings": 124422,
            "business_interests": [
                {
                    "name": "WUuAdub3bG",
                    "value": 710850
                }
            ],
            "collectibles": [
                {
                    "type": "Art",
                    "value": 5134
                }
            ]
        },
        "liabilities": {
            "total_liabilities": 318653,
            "details": [
                {
                    "type": "Mortgage",
                    "balance": 58133
                }
            ]
        },
        "income": {
            "primary_income": 163348,
            "rental_income": 41616,
            "dividends": 13010,
            "total_income": 261803
        },
        "expenses": {
            "monthly_living_expenses": 4672,
            "discretionary_spending": 2126,
            "upcoming_major_expenses": [
                {
                    "type": "College Tuition",
                    "amount": 45174,
                    "due_date": "8/10/2024"
                }
            ]
        }
    },
    "investment_preferences": {
        "risk_tolerance": "Low",
        "portfolio_objectives": "Income Generation",
        "ethical_preferences": [
            "Sustainable Investing"
        ],
        "experience": "20 years in stocks"
    },
    "tax_and_estate_planning": {
        "tax_bracket": "26%",
        "strategies": [
            "Charitable Contributions"
        ],
        "estate_plan": {
            "wills": true,
            "trusts": [
                "Family Trust"
            ],
            "charitable_goals": [
                {
                    "organization": "yXXLD4LkGA",
                    "goal": "Leave $30241 as a bequest"
                }
            ]
        }
    },
    "short_and_long_term_goals": {
        "short_term": [
            "Save $3175 for a vacation"
        ],
        "long_term": [
            "Retire at 60 with $125481 annual income"
        ]
    },
    "communication_preferences": {
        "meeting_frequency": "Annually",
        "preferred_style": "Detailed Analysis",
        "preferred_mediums": [
            "Email"
        ]
    },
    "feedback_and_concerns": {
        "portfolio_performance": "Satisfied",
        "market_concerns": "Interest Rates",
        "life_changes": "Retirement"
    },
    "meeting_notes": [
        {
            "date": "9/18/2024",
            "summary": [
                "VXWnqkqr1p"
            ]
        }
    ]
}