{
    "personal_details": {
        "first_name": "jHYwNi6tGS",
        "last_name": "qaokgMiXOq",
        "age": 28,
        "marital_status": "Divorced",
        "spouse_name": "ZQG7jqo9FA",
        "children": [],
        "important_dates": {
            "birthdays": [
                "3/1/1986"
            ],
            "anniversary": null
        },
        "hobbies": [
            "pNxTtKjltW",
            "roSJHE2OT6",
            "R6rdpYIqHe",
            "O6gyXBCyj9",
            "CiYp2oERBO"
        ],
        "passion_projects": [
            "9Ao3H933xD"
        ]
    },
    "financial_details": {
        "net_worth": 3170679,
        "assets": {
            "real_estate": [
                {
                    "type": "Rental Property",
                    "value": 759864,
                    "mortgage_balance": 390341
                }
            ],
            "investments": {
                "stocks": 28612,
                "bonds": 284133,
                "mutual_funds": 371354
            },
            "savings": 179244,
            "business_interests": [
                {
                    "name": "o9zZm5tOwV",
                    "value": 962973
                }
            ],
            "collectibles": [
                {
                    "type": "Art",
                    "value": 46934
                }
            ]
        },
        "liabilities": {
            "total_liabilities": 92552,
            "details": [
                {
                    "type": "Car Loan",
                    "balance": 57445
                }
            ]
        },
        "income": {
            "primary_income": 113939,
            "rental_income": 40774,
            "dividends": 7404,
            "total_income": 119647
        },
        "expenses": {
            "monthly_living_expenses": 5451,
            "discretionary_spending": 2322,
            "upcoming_major_expenses": [
                {
                    "type": "College Tuition",
                    "amount": 30298,
                    "due_date": "7/12/2024"
                }
            ]
        }
    },
    "investment_preferences": {
        "risk_tolerance": "Moderate",
        "portfolio_objectives": "Growth",
        "ethical_preferences": [
            "Sustainable Investing"
        ],
        "experience": "6 years in stocks"
    },
    "tax_and_estate_planning": {
        "tax_bracket": "31%",
        "strategies": [
            "Charitable Contributions"
        ],
        "estate_plan": {
            "wills": false,
            "trusts": [
                "Charitable Trust"
            ],
            "charitable_goals": [
                {
                    "organization": "fineJgy2qG",
                    "goal": "Leave $87300 as a bequest"
                }
            ]
        }
    },
    "short_and_long_term_goals": {
        "short_term": [
            "Save $8760 for a vacation"
        ],
        "long_term": [
            "Retire at 60 with $126595 annual income"
        ]
    },
    "communication_preferences": {
        "meeting_frequency": "Monthly",
        "preferred_style": "Detailed Analysis",
        "preferred_mediums": [
            "Email"
        ]
    },
    "feedback_and_concerns": {
        "portfolio_performance": "Satisfied",
        "market_concerns": "Recession",
        "life_changes": "New Job"
    },
    "meeting_notes": [
        {
            "date": "9/20/2029",
            "summary": [
                "vOdaatrEvF"
            ]
        }
    ]
}