{
    "personal_details": {
        "first_name": "QYkhe2y0Ai",
        "last_name": "Of3MSDurkt",
        "age": 40,
        "marital_status": "Single",
        "spouse_name": null,
        "children": [
            {
                "name": "A6kc4k2JoA",
                "age": 4
            }
        ],
        "important_dates": {
            "birthdays": [
                "6/2/1988"
            ],
            "anniversary": null
        },
        "hobbies": [
            "oXxupTzoQg"
        ],
        "passion_projects": [
            "rAak8OmGWZ",
            "lceKcAHh5z",
            "YpvhVoccby"
        ]
    },
    "financial_details": {
        "net_worth": 4176436,
        "assets": {
            "real_estate": [
                {
                    "type": "Primary Residence",
                    "value": 1129894,
                    "mortgage_balance": 816478
                }
            ],
            "investments": {
                "stocks": 242776,
                "bonds": 206636,
                "mutual_funds": 251129
            },
            "savings": 31540,
            "business_interests": [
                {
                    "name": "McRT0Cj97r",
                    "value": 485055
                }
            ],
            "collectibles": [
                {
                    "type": "Photography Equipment",
                    "value": 49588
                }
            ]
        },
        "liabilities": {
            "total_liabilities": 354763,
            "details": [
                {
                    "type": "Mortgage",
                    "balance": 57929
                }
            ]
        },
        "income": {
            "primary_income": 41465,
            "rental_income": 12246,
            "dividends": 1776,
            "total_income": 273103
        },
        "expenses": {
            "monthly_living_expenses": 8839,
            "discretionary_spending": 2297,
            "upcoming_major_expenses": [
                {
                    "type": "College Tuition",
                    "amount": 17171,
                    "due_date": "12/12/2023"
                }
            ]
        }
    },
    "investment_preferences": {
        "risk_tolerance": "High",
        "portfolio_objectives": "Income Generation",
        "ethical_preferences": [
            "Sustainable Investing"
        ],
        "experience": "14 years in stocks"
    },
    "tax_and_estate_planning": {
        "tax_bracket": "11%",
        "strategies": [
            "Tax-efficient Investments"
        ],
        "estate_plan": {
            "wills": false,
            "trusts": [
                "Charitable Trust"
            ],
            "charitable_goals": [
                {
                    "organization": "5x4xcMgQ6L",
                    "goal": "Leave $7715 as a bequest"
                }
            ]
        }
    },
    "short_and_long_term_goals": {
        "short_term": [
            "Save $6853 for a vacation"
        ],
        "long_term": [
            "Retire at 60 with $156736 annual income"
        ]
    },
    "communication_preferences": {
        "meeting_frequency": "Quarterly",
        "preferred_style": "Detailed Analysis",
        "preferred_mediums": [
            "In-person"
        ]
    },
    "feedback_and_concerns": {
        "portfolio_performance": "Satisfied",
        "market_concerns": "Interest Rates",
        "life_changes": "Marriage"
    },
    "meeting_notes": [
        {
            "date": "7/15/2026",
            "summary": [
                "dDV2BkWAT5"
            ]
        }
    ]
}