{
    "personal_details": {
        "first_name": "CUZxSLPE60",
        "last_name": "LR2CwEBkhi",
        "age": 37,
        "marital_status": "Married",
        "spouse_name": null,
        "children": [
            {
                "name": "3yoclst4Gk",
                "age": 3
            },
            {
                "name": "bQ8BSIBjlI",
                "age": 2
            }
        ],
        "important_dates": {
            "birthdays": [
                "12/5/1982"
            ],
            "anniversary": "8/22/2007"
        },
        "hobbies": [
            "JbDcM4tkKM",
            "8EoPqOmh6Z"
        ],
        "passion_projects": [
            "p5HIDtIsqF"
        ]
    },
    "financial_details": {
        "net_worth": 2328936,
        "assets": {
            "real_estate": [
                {
                    "type": "Rental Property",
                    "value": 590414,
                    "mortgage_balance": 545355
                }
            ],
            "investments": {
                "stocks": 488222,
                "bonds": 250068,
                "mutual_funds": 302362
            },
            "savings": 58906,
            "business_interests": [
                {
                    "name": "hisv5E3P2g",
                    "value": 965809
                }
            ],
            "collectibles": [
                {
                    "type": "Photography Equipment",
                    "value": 41913
                }
            ]
        },
        "liabilities": {
            "total_liabilities": 416453,
            "details": [
                {
                    "type": "Mortgage",
                    "balance": 68986
                }
            ]
        },
        "income": {
            "primary_income": 96214,
            "rental_income": 24160,
            "dividends": 19540,
            "total_income": 151358
        },
        "expenses": {
            "monthly_living_expenses": 2639,
            "discretionary_spending": 4809,
            "upcoming_major_expenses": [
                {
                    "type": "College Tuition",
                    "amount": 11325,
                    "due_date": "11/27/2027"
                }
            ]
        }
    },
    "investment_preferences": {
        "risk_tolerance": "Low",
        "portfolio_objectives": "Growth",
        "ethical_preferences": [
            "Sustainable Investing"
        ],
        "experience": "13 years in stocks"
    },
    "tax_and_estate_planning": {
        "tax_bracket": "24%",
        "strategies": [
            "Charitable Contributions"
        ],
        "estate_plan": {
            "wills": true,
            "trusts": [
                "Charitable Trust"
            ],
            "charitable_goals": [
                {
                    "organization": "Hk9x5bsdKy",
                    "goal": "Leave $33212 as a bequest"
                }
            ]
        }
    },
    "short_and_long_term_goals": {
        "short_term": [
            "Save $17325 for a vacation"
        ],
        "long_term": [
            "Retire at 60 with $100924 annual income"
        ]
    },
    "communication_preferences": {
        "meeting_frequency": "Annually",
        "preferred_style": "High-level Summaries",
        "preferred_mediums": [
            "Phone"
        ]
    },
    "feedback_and_concerns": {
        "portfolio_performance": "Satisfied",
        "market_concerns": "Interest Rates",
        "life_changes": "Marriage"
    },
    "meeting_notes": [
        {
            "date": "10/15/2028",
            "summary": [
                "CjK1GCwxP2"
            ]
        }
    ]
}