{
    "personal_details": {
        "first_name": "taF0dTVntz",
        "last_name": "xbb7FbtTtz",
        "age": 67,
        "marital_status": "Married",
        "spouse_name": "vU8fMWPJ3G",
        "children": [
            {
                "name": "QsFCaE0Z5q",
                "age": 16
            },
            {
                "name": "Hpn7s0qG94",
                "age": 6
            },
            {
                "name": "bVU9wHghV2",
                "age": 6
            },
            {
                "name": "BqATcDEmNq",
                "age": 13
            }
        ],
        "important_dates": {
            "birthdays": [
                "10/27/1988"
            ],
            "anniversary": "5/9/2000"
        },
        "hobbies": [
            "OVLeUAr1Bm",
            "uxYjO8Q7q5"
        ],
        "passion_projects": [
            "0aMr6w2e6T"
        ]
    },
    "financial_details": {
        "net_worth": 1349425,
        "assets": {
            "real_estate": [
                {
                    "type": "Rental Property",
                    "value": 1699158,
                    "mortgage_balance": 514616
                }
            ],
            "investments": {
                "stocks": 368353,
                "bonds": 43042,
                "mutual_funds": 289438
            },
            "savings": 100117,
            "business_interests": [
                {
                    "name": "g6nofyEfd7",
                    "value": 493531
                }
            ],
            "collectibles": [
                {
                    "type": "Art",
                    "value": 48785
                }
            ]
        },
        "liabilities": {
            "total_liabilities": 362137,
            "details": [
                {
                    "type": "Mortgage",
                    "balance": 32265
                }
            ]
        },
        "income": {
            "primary_income": 112426,
            "rental_income": 14218,
            "dividends": 1394,
            "total_income": 131196
        },
        "expenses": {
            "monthly_living_expenses": 2331,
            "discretionary_spending": 2408,
            "upcoming_major_expenses": [
                {
                    "type": "College Tuition",
                    "amount": 16926,
                    "due_date": "10/3/2024"
                }
            ]
        }
    },
    "investment_preferences": {
        "risk_tolerance": "Moderate",
        "portfolio_objectives": "Growth",
        "ethical_preferences": [
            "ESG Investing"
        ],
        "experience": "10 years in stocks"
    },
    "tax_and_estate_planning": {
        "tax_bracket": "20%",
        "strategies": [
            "Charitable Contributions"
        ],
        "estate_plan": {
            "wills": true,
            "trusts": [
                "Charitable Trust"
            ],
            "charitable_goals": [
                {
                    "organization": "1YIZxa3lnI",
                    "goal": "Leave $12003 as a bequest"
                }
            ]
        }
    },
    "short_and_long_term_goals": {
        "short_term": [
            "Save $6016 for a vacation"
        ],
        "long_term": [
            "Retire at 60 with $129709 annual income"
        ]
    },
    "communication_preferences": {
        "meeting_frequency": "Quarterly",
        "preferred_style": "High-level Summaries",
        "preferred_mediums": [
            "Email"
        ]
    },
    "feedback_and_concerns": {
        "portfolio_performance": "Satisfied",
        "market_concerns": "Inflation",
        "life_changes": "Retirement"
    },
    "meeting_notes": [
        {
            "date": "12/9/2026",
            "summary": [
                "DpwXmaI6Bt"
            ]
        }
    ]
}