{
    "personal_details": {
        "first_name": "YLUbbZiCCY",
        "last_name": "1qtlNHPDX4",
        "age": 58,
        "marital_status": "Single",
        "spouse_name": null,
        "children": [
            {
                "name": "g39S0zfxMC",
                "age": 8
            },
            {
                "name": "TgkuSt7iFR",
                "age": 3
            }
        ],
        "important_dates": {
            "birthdays": [
                "11/22/1988"
            ],
            "anniversary": "11/28/2003"
        },
        "hobbies": [
            "iKaoUrtnMr",
            "0Fa7o4Rqes",
            "e4tBqVwRkl"
        ],
        "passion_projects": [
            "lARwCkv58Q",
            "E91WL4a2G8",
            "RkK6CwIOyc"
        ]
    },
    "financial_details": {
        "net_worth": 575348,
        "assets": {
            "real_estate": [
                {
                    "type": "Primary Residence",
                    "value": 1011202,
                    "mortgage_balance": 83585
                }
            ],
            "investments": {
                "stocks": 375761,
                "bonds": 168472,
                "mutual_funds": 228377
            },
            "savings": 21630,
            "business_interests": [
                {
                    "name": "Gyxbb3b2n5",
                    "value": 723000
                }
            ],
            "collectibles": [
                {
                    "type": "Art",
                    "value": 25021
                }
            ]
        },
        "liabilities": {
            "total_liabilities": 395460,
            "details": [
                {
                    "type": "Mortgage",
                    "balance": 56818
                }
            ]
        },
        "income": {
            "primary_income": 136714,
            "rental_income": 25718,
            "dividends": 3855,
            "total_income": 63205
        },
        "expenses": {
            "monthly_living_expenses": 7266,
            "discretionary_spending": 4959,
            "upcoming_major_expenses": [
                {
                    "type": "College Tuition",
                    "amount": 38437,
                    "due_date": "4/5/2024"
                }
            ]
        }
    },
    "investment_preferences": {
        "risk_tolerance": "High",
        "portfolio_objectives": "Income Generation",
        "ethical_preferences": [
            "ESG Investing"
        ],
        "experience": "2 years in stocks"
    },
    "tax_and_estate_planning": {
        "tax_bracket": "30%",
        "strategies": [
            "Charitable Contributions"
        ],
        "estate_plan": {
            "wills": false,
            "trusts": [
                "Family Trust"
            ],
            "charitable_goals": [
                {
                    "organization": "Gb0d1YZMf5",
                    "goal": "Leave $67826 as a bequest"
                }
            ]
        }
    },
    "short_and_long_term_goals": {
        "short_term": [
            "Save $17473 for a vacation"
        ],
        "long_term": [
            "Retire at 60 with $57379 annual income"
        ]
    },
    "communication_preferences": {
        "meeting_frequency": "Monthly",
        "preferred_style": "Detailed Analysis",
        "preferred_mediums": [
            "In-person"
        ]
    },
    "feedback_and_concerns": {
        "portfolio_performance": "Satisfied",
        "market_concerns": "Recession",
        "life_changes": "Marriage"
    },
    "meeting_notes": [
        {
            "date": "9/9/2029",
            "summary": [
                "IJao0Vw3CX"
            ]
        }
    ]
}