{
    "personal_details": {
        "first_name": "IQoXfVkIbZ",
        "last_name": "yYtvWboLAL",
        "age": 59,
        "marital_status": "Married",
        "spouse_name": "M3iCp3uvxD",
        "children": [
            {
                "name": "1Ojbuwp8qI",
                "age": 8
            },
            {
                "name": "yIZfIKXv30",
                "age": 17
            },
            {
                "name": "I25bJ2LsIn",
                "age": 10
            }
        ],
        "important_dates": {
            "birthdays": [
                "1/23/1986"
            ],
            "anniversary": "2/21/2000"
        },
        "hobbies": [
            "a7fxu3tR48",
            "hbtXxEshnS"
        ],
        "passion_projects": [
            "q8YdNeWTQ4"
        ]
    },
    "financial_details": {
        "net_worth": 1695205,
        "assets": {
            "real_estate": [
                {
                    "type": "Vacation Home",
                    "value": 718895,
                    "mortgage_balance": 443450
                }
            ],
            "investments": {
                "stocks": 283979,
                "bonds": 221308,
                "mutual_funds": 232993
            },
            "savings": 37784,
            "business_interests": [
                {
                    "name": "TISRN0rGyz",
                    "value": 243843
                }
            ],
            "collectibles": [
                {
                    "type": "Photography Equipment",
                    "value": 26859
                }
            ]
        },
        "liabilities": {
            "total_liabilities": 310411,
            "details": [
                {
                    "type": "Car Loan",
                    "balance": 92829
                }
            ]
        },
        "income": {
            "primary_income": 108703,
            "rental_income": 33302,
            "dividends": 14083,
            "total_income": 80282
        },
        "expenses": {
            "monthly_living_expenses": 5209,
            "discretionary_spending": 2171,
            "upcoming_major_expenses": [
                {
                    "type": "College Tuition",
                    "amount": 21207,
                    "due_date": "5/17/2023"
                }
            ]
        }
    },
    "investment_preferences": {
        "risk_tolerance": "Moderate",
        "portfolio_objectives": "Growth",
        "ethical_preferences": [
            "Sustainable Investing"
        ],
        "experience": "4 years in stocks"
    },
    "tax_and_estate_planning": {
        "tax_bracket": "28%",
        "strategies": [
            "Charitable Contributions"
        ],
        "estate_plan": {
            "wills": true,
            "trusts": [
                "Charitable Trust"
            ],
            "charitable_goals": [
                {
                    "organization": "Mm2z5BC7Kv",
                    "goal": "Leave $69451 as a bequest"
                }
            ]
        }
    },
    "short_and_long_term_goals": {
        "short_term": [
            "Save $19685 for a vacation"
        ],
        "long_term": [
            "Retire at 60 with $60657 annual income"
        ]
    },
    "communication_preferences": {
        "meeting_frequency": "Annually",
        "preferred_style": "Detailed Analysis",
        "preferred_mediums": [
            "In-person"
        ]
    },
    "feedback_and_concerns": {
        "portfolio_performance": "Satisfied",
        "market_concerns": "Interest Rates",
        "life_changes": "Retirement"
    },
    "meeting_notes": [
        {
            "date": "9/25/2023",
            "summary": [
                "9CiF26pXzq"
            ]
        }
    ]
}