{
    "personal_details": {
        "first_name": "j3XDbD0hYB",
        "last_name": "4RG6Wxw99L",
        "age": 79,
        "marital_status": "Single",
        "spouse_name": null,
        "children": [
            {
                "name": "1FLXQUns8y",
                "age": 5
            },
            {
                "name": "Av3aZ8aC7Y",
                "age": 10
            },
            {
                "name": "Fe3ktFoHFV",
                "age": 2
            }
        ],
        "important_dates": {
            "birthdays": [
                "7/8/1988"
            ],
            "anniversary": "5/7/2000"
        },
        "hobbies": [
            "NLnu3BkAT0",
            "2jbKbYtQeb",
            "2xQ3olEOC2",
            "aBaDFp4lwh",
            "F077HpnpoQ"
        ],
        "passion_projects": [
            "bxXYiMBQtJ"
        ]
    },
    "financial_details": {
        "net_worth": 754057,
        "assets": {
            "real_estate": [
                {
                    "type": "Primary Residence",
                    "value": 613631,
                    "mortgage_balance": 702306
                }
            ],
            "investments": {
                "stocks": 19669,
                "bonds": 162456,
                "mutual_funds": 336298
            },
            "savings": 156827,
            "business_interests": [
                {
                    "name": "tDSEqExpQi",
                    "value": 83001
                }
            ],
            "collectibles": [
                {
                    "type": "Photography Equipment",
                    "value": 27221
                }
            ]
        },
        "liabilities": {
            "total_liabilities": 172054,
            "details": [
                {
                    "type": "Car Loan",
                    "balance": 67835
                }
            ]
        },
        "income": {
            "primary_income": 31869,
            "rental_income": 22170,
            "dividends": 10326,
            "total_income": 181292
        },
        "expenses": {
            "monthly_living_expenses": 5686,
            "discretionary_spending": 3175,
            "upcoming_major_expenses": [
                {
                    "type": "College Tuition",
                    "amount": 37166,
                    "due_date": "2/19/2028"
                }
            ]
        }
    },
    "investment_preferences": {
        "risk_tolerance": "Low",
        "portfolio_objectives": "Income Generation",
        "ethical_preferences": [
            "Sustainable Investing"
        ],
        "experience": "3 years in stocks"
    },
    "tax_and_estate_planning": {
        "tax_bracket": "21%",
        "strategies": [
            "Tax-efficient Investments"
        ],
        "estate_plan": {
            "wills": true,
            "trusts": [
                "Family Trust"
            ],
            "charitable_goals": [
                {
                    "organization": "s3wiswRldL",
                    "goal": "Leave $15018 as a bequest"
                }
            ]
        }
    },
    "short_and_long_term_goals": {
        "short_term": [
            "Save $6781 for a vacation"
        ],
        "long_term": [
            "Retire at 60 with $107369 annual income"
        ]
    },
    "communication_preferences": {
        "meeting_frequency": "Annually",
        "preferred_style": "Detailed Analysis",
        "preferred_mediums": [
            "Email"
        ]
    },
    "feedback_and_concerns": {
        "portfolio_performance": "Concerned about returns",
        "market_concerns": "Interest Rates",
        "life_changes": "Marriage"
    },
    "meeting_notes": [
        {
            "date": "5/24/2026",
            "summary": [
                "TXiZMDokXw"
            ]
        }
    ]
}