{
    "personal_details": {
        "first_name": "E8jovVCEtR",
        "last_name": "mzgA57x3Wu",
        "age": 22,
        "marital_status": "Married",
        "spouse_name": "MbrtYWPpcj",
        "children": [
            {
                "name": "psjEN7gVNE",
                "age": 3
            },
            {
                "name": "BYpFr6m3an",
                "age": 16
            },
            {
                "name": "mSNbWqxpbr",
                "age": 8
            }
        ],
        "important_dates": {
            "birthdays": [
                "4/27/1988"
            ],
            "anniversary": "8/26/2005"
        },
        "hobbies": [
            "x8k34CaePx"
        ],
        "passion_projects": [
            "JpRCr7w4qa",
            "9OViXtrpis",
            "K1JhtlqQJL"
        ]
    },
    "financial_details": {
        "net_worth": 4430343,
        "assets": {
            "real_estate": [
                {
                    "type": "Vacation Home",
                    "value": 1290573,
                    "mortgage_balance": 604311
                }
            ],
            "investments": {
                "stocks": 339403,
                "bonds": 99872,
                "mutual_funds": 195239
            },
            "savings": 56558,
            "business_interests": [
                {
                    "name": "7bW3JC1yzu",
                    "value": 631048
                }
            ],
            "collectibles": [
                {
                    "type": "Art",
                    "value": 9389
                }
            ]
        },
        "liabilities": {
            "total_liabilities": 195563,
            "details": [
                {
                    "type": "Mortgage",
                    "balance": 56043
                }
            ]
        },
        "income": {
            "primary_income": 55325,
            "rental_income": 14031,
            "dividends": 19544,
            "total_income": 256338
        },
        "expenses": {
            "monthly_living_expenses": 2617,
            "discretionary_spending": 3716,
            "upcoming_major_expenses": [
                {
                    "type": "College Tuition",
                    "amount": 12961,
                    "due_date": "1/12/2026"
                }
            ]
        }
    },
    "investment_preferences": {
        "risk_tolerance": "Moderate",
        "portfolio_objectives": "Income Generation",
        "ethical_preferences": [
            "Sustainable Investing"
        ],
        "experience": "20 years in stocks"
    },
    "tax_and_estate_planning": {
        "tax_bracket": "34%",
        "strategies": [
            "Tax-efficient Investments"
        ],
        "estate_plan": {
            "wills": true,
            "trusts": [
                "Charitable Trust"
            ],
            "charitable_goals": [
                {
                    "organization": "AjKXqD89Cn",
                    "goal": "Leave $33030 as a bequest"
                }
            ]
        }
    },
    "short_and_long_term_goals": {
        "short_term": [
            "Save $4233 for a vacation"
        ],
        "long_term": [
            "Retire at 60 with $89911 annual income"
        ]
    },
    "communication_preferences": {
        "meeting_frequency": "Monthly",
        "preferred_style": "Detailed Analysis",
        "preferred_mediums": [
            "Phone"
        ]
    },
    "feedback_and_concerns": {
        "portfolio_performance": "Satisfied",
        "market_concerns": "Interest Rates",
        "life_changes": "Retirement"
    },
    "meeting_notes": [
        {
            "date": "9/28/2026",
            "summary": [
                "Zgfis1v1ya"
            ]
        }
    ]
}