{
    "personal_details": {
        "first_name": "iU4ZVxlOR4",
        "last_name": "7yJKLv68gt",
        "age": 62,
        "marital_status": "Single",
        "spouse_name": null,
        "children": [
            {
                "name": "o2I6FK76KN",
                "age": 5
            },
            {
                "name": "INPGOKAhyq",
                "age": 12
            }
        ],
        "important_dates": {
            "birthdays": [
                "2/22/1982"
            ],
            "anniversary": null
        },
        "hobbies": [
            "H4RAq25Zj6",
            "Y7n2N2zFxG"
        ],
        "passion_projects": [
            "Vdd6nAxi80",
            "ht0eUbgY2a",
            "aNl5mUM4kS"
        ]
    },
    "financial_details": {
        "net_worth": 3655035,
        "assets": {
            "real_estate": [
                {
                    "type": "Vacation Home",
                    "value": 736684,
                    "mortgage_balance": 505259
                }
            ],
            "investments": {
                "stocks": 22800,
                "bonds": 191088,
                "mutual_funds": 341028
            },
            "savings": 103629,
            "business_interests": [
                {
                    "name": "FeIGEyMJP0",
                    "value": 101330
                }
            ],
            "collectibles": [
                {
                    "type": "Art",
                    "value": 8540
                }
            ]
        },
        "liabilities": {
            "total_liabilities": 231872,
            "details": [
                {
                    "type": "Student Loan",
                    "balance": 2728
                }
            ]
        },
        "income": {
            "primary_income": 77278,
            "rental_income": 44047,
            "dividends": 14065,
            "total_income": 130612
        },
        "expenses": {
            "monthly_living_expenses": 4876,
            "discretionary_spending": 4136,
            "upcoming_major_expenses": [
                {
                    "type": "College Tuition",
                    "amount": 28270,
                    "due_date": "2/15/2027"
                }
            ]
        }
    },
    "investment_preferences": {
        "risk_tolerance": "Moderate",
        "portfolio_objectives": "Income Generation",
        "ethical_preferences": [
            "ESG Investing"
        ],
        "experience": "11 years in stocks"
    },
    "tax_and_estate_planning": {
        "tax_bracket": "28%",
        "strategies": [
            "Tax-efficient Investments"
        ],
        "estate_plan": {
            "wills": false,
            "trusts": [
                "Family Trust"
            ],
            "charitable_goals": [
                {
                    "organization": "kQxmSZ7hsq",
                    "goal": "Leave $17853 as a bequest"
                }
            ]
        }
    },
    "short_and_long_term_goals": {
        "short_term": [
            "Save $10271 for a vacation"
        ],
        "long_term": [
            "Retire at 60 with $76114 annual income"
        ]
    },
    "communication_preferences": {
        "meeting_frequency": "Annually",
        "preferred_style": "Detailed Analysis",
        "preferred_mediums": [
            "Email"
        ]
    },
    "feedback_and_concerns": {
        "portfolio_performance": "Concerned about returns",
        "market_concerns": "Inflation",
        "life_changes": "Retirement"
    },
    "meeting_notes": [
        {
            "date": "8/14/2028",
            "summary": [
                "D9hgzMUlqo"
            ]
        }
    ]
}