{
    "personal_details": {
        "first_name": "LIpLssUmRx",
        "last_name": "tb6UbAWnVc",
        "age": 40,
        "marital_status": "Divorced",
        "spouse_name": "YGlNJk1RvH",
        "children": [
            {
                "name": "lk0LAUCQmx",
                "age": 13
            }
        ],
        "important_dates": {
            "birthdays": [
                "3/4/1980"
            ],
            "anniversary": null
        },
        "hobbies": [
            "RpKodqAkik",
            "JPaZmKUsjG",
            "5vOMaTR9nx"
        ],
        "passion_projects": [
            "fSeE9luiXO",
            "kxkPrYXJX5"
        ]
    },
    "financial_details": {
        "net_worth": 2729503,
        "assets": {
            "real_estate": [
                {
                    "type": "Rental Property",
                    "value": 1436262,
                    "mortgage_balance": 890142
                }
            ],
            "investments": {
                "stocks": 43183,
                "bonds": 271240,
                "mutual_funds": 382808
            },
            "savings": 167287,
            "business_interests": [
                {
                    "name": "lwQesEerUe",
                    "value": 897507
                }
            ],
            "collectibles": [
                {
                    "type": "Art",
                    "value": 11680
                }
            ]
        },
        "liabilities": {
            "total_liabilities": 70136,
            "details": [
                {
                    "type": "Mortgage",
                    "balance": 60765
                }
            ]
        },
        "income": {
            "primary_income": 32614,
            "rental_income": 11194,
            "dividends": 19211,
            "total_income": 65065
        },
        "expenses": {
            "monthly_living_expenses": 4795,
            "discretionary_spending": 4576,
            "upcoming_major_expenses": [
                {
                    "type": "College Tuition",
                    "amount": 33992,
                    "due_date": "2/9/2029"
                }
            ]
        }
    },
    "investment_preferences": {
        "risk_tolerance": "Low",
        "portfolio_objectives": "Income Generation",
        "ethical_preferences": [
            "ESG Investing"
        ],
        "experience": "6 years in stocks"
    },
    "tax_and_estate_planning": {
        "tax_bracket": "10%",
        "strategies": [
            "Tax-efficient Investments"
        ],
        "estate_plan": {
            "wills": false,
            "trusts": [
                "Charitable Trust"
            ],
            "charitable_goals": [
                {
                    "organization": "XWtUNm0LrY",
                    "goal": "Leave $92970 as a bequest"
                }
            ]
        }
    },
    "short_and_long_term_goals": {
        "short_term": [
            "Save $12612 for a vacation"
        ],
        "long_term": [
            "Retire at 60 with $108074 annual income"
        ]
    },
    "communication_preferences": {
        "meeting_frequency": "Annually",
        "preferred_style": "High-level Summaries",
        "preferred_mediums": [
            "Phone"
        ]
    },
    "feedback_and_concerns": {
        "portfolio_performance": "Concerned about returns",
        "market_concerns": "Interest Rates",
        "life_changes": "New Job"
    },
    "meeting_notes": [
        {
            "date": "11/9/2026",
            "summary": [
                "7wHwGBGvII"
            ]
        }
    ]
}