{
    "personal_details": {
        "first_name": "ihn390LlrY",
        "last_name": "StYeEmsTy2",
        "age": 45,
        "marital_status": "Married",
        "spouse_name": null,
        "children": [
            {
                "name": "5LrCa9Y6Si",
                "age": 1
            },
            {
                "name": "a9TYIyHpl3",
                "age": 6
            },
            {
                "name": "6pXEOiEswY",
                "age": 16
            }
        ],
        "important_dates": {
            "birthdays": [
                "5/15/1981"
            ],
            "anniversary": null
        },
        "hobbies": [
            "YZP3lYvwD6",
            "vCYlz08w9u"
        ],
        "passion_projects": [
            "9pYVyWoGVd",
            "imfLny2yyD",
            "RiJEmuKlLQ"
        ]
    },
    "financial_details": {
        "net_worth": 3367421,
        "assets": {
            "real_estate": [
                {
                    "type": "Vacation Home",
                    "value": 711179,
                    "mortgage_balance": 337799
                }
            ],
            "investments": {
                "stocks": 446243,
                "bonds": 260894,
                "mutual_funds": 355633
            },
            "savings": 175448,
            "business_interests": [
                {
                    "name": "hi1LEXKBr5",
                    "value": 137917
                }
            ],
            "collectibles": [
                {
                    "type": "Art",
                    "value": 28354
                }
            ]
        },
        "liabilities": {
            "total_liabilities": 330630,
            "details": [
                {
                    "type": "Mortgage",
                    "balance": 30515
                }
            ]
        },
        "income": {
            "primary_income": 72533,
            "rental_income": 3983,
            "dividends": 7800,
            "total_income": 93825
        },
        "expenses": {
            "monthly_living_expenses": 4561,
            "discretionary_spending": 3708,
            "upcoming_major_expenses": [
                {
                    "type": "College Tuition",
                    "amount": 11076,
                    "due_date": "10/19/2026"
                }
            ]
        }
    },
    "investment_preferences": {
        "risk_tolerance": "Moderate",
        "portfolio_objectives": "Growth",
        "ethical_preferences": [
            "ESG Investing"
        ],
        "experience": "20 years in stocks"
    },
    "tax_and_estate_planning": {
        "tax_bracket": "33%",
        "strategies": [
            "Charitable Contributions"
        ],
        "estate_plan": {
            "wills": false,
            "trusts": [
                "Family Trust"
            ],
            "charitable_goals": [
                {
                    "organization": "ObkPN7suNN",
                    "goal": "Leave $64876 as a bequest"
                }
            ]
        }
    },
    "short_and_long_term_goals": {
        "short_term": [
            "Save $9463 for a vacation"
        ],
        "long_term": [
            "Retire at 60 with $158141 annual income"
        ]
    },
    "communication_preferences": {
        "meeting_frequency": "Annually",
        "preferred_style": "Detailed Analysis",
        "preferred_mediums": [
            "In-person"
        ]
    },
    "feedback_and_concerns": {
        "portfolio_performance": "Concerned about returns",
        "market_concerns": "Inflation",
        "life_changes": "New Job"
    },
    "meeting_notes": [
        {
            "date": "7/15/2027",
            "summary": [
                "0X39ho8XfI"
            ]
        }
    ]
}