{
    "personal_details": {
        "first_name": "0r8jpVH5Up",
        "last_name": "OFwtOGaj5J",
        "age": 32,
        "marital_status": "Single",
        "spouse_name": null,
        "children": [],
        "important_dates": {
            "birthdays": [
                "9/21/1984"
            ],
            "anniversary": null
        },
        "hobbies": [
            "PF1T81AumX",
            "BWXqsDHUpb"
        ],
        "passion_projects": [
            "6arqnxH5pw",
            "Er7HelyU5C"
        ]
    },
    "financial_details": {
        "net_worth": 1956784,
        "assets": {
            "real_estate": [
                {
                    "type": "Vacation Home",
                    "value": 243380,
                    "mortgage_balance": 437244
                }
            ],
            "investments": {
                "stocks": 60676,
                "bonds": 67104,
                "mutual_funds": 213743
            },
            "savings": 123819,
            "business_interests": [
                {
                    "name": "2qvK2PqIzq",
                    "value": 868892
                }
            ],
            "collectibles": [
                {
                    "type": "Art",
                    "value": 32008
                }
            ]
        },
        "liabilities": {
            "total_liabilities": 438993,
            "details": [
                {
                    "type": "Car Loan",
                    "balance": 2847
                }
            ]
        },
        "income": {
            "primary_income": 48357,
            "rental_income": 48006,
            "dividends": 980,
            "total_income": 108396
        },
        "expenses": {
            "monthly_living_expenses": 5281,
            "discretionary_spending": 1061,
            "upcoming_major_expenses": [
                {
                    "type": "College Tuition",
                    "amount": 41851,
                    "due_date": "9/24/2024"
                }
            ]
        }
    },
    "investment_preferences": {
        "risk_tolerance": "Low",
        "portfolio_objectives": "Growth",
        "ethical_preferences": [
            "Sustainable Investing"
        ],
        "experience": "13 years in stocks"
    },
    "tax_and_estate_planning": {
        "tax_bracket": "35%",
        "strategies": [
            "Tax-efficient Investments"
        ],
        "estate_plan": {
            "wills": true,
            "trusts": [
                "Charitable Trust"
            ],
            "charitable_goals": [
                {
                    "organization": "A5pT8vU3SH",
                    "goal": "Leave $67809 as a bequest"
                }
            ]
        }
    },
    "short_and_long_term_goals": {
        "short_term": [
            "Save $3990 for a vacation"
        ],
        "long_term": [
            "Retire at 60 with $83109 annual income"
        ]
    },
    "communication_preferences": {
        "meeting_frequency": "Annually",
        "preferred_style": "Detailed Analysis",
        "preferred_mediums": [
            "Phone"
        ]
    },
    "feedback_and_concerns": {
        "portfolio_performance": "Concerned about returns",
        "market_concerns": "Interest Rates",
        "life_changes": "Retirement"
    },
    "meeting_notes": [
        {
            "date": "1/22/2027",
            "summary": [
                "S6ffzvyU4B"
            ]
        }
    ]
}