{
    "personal_details": {
        "first_name": "rukhFcnFP2",
        "last_name": "ylv0ISB351",
        "age": 90,
        "marital_status": "Divorced",
        "spouse_name": "aweWqoBJ9P",
        "children": [
            {
                "name": "4g0SZoq1kk",
                "age": 13
            },
            {
                "name": "HvnV3Byeae",
                "age": 18
            },
            {
                "name": "bmwzMmbruO",
                "age": 6
            }
        ],
        "important_dates": {
            "birthdays": [
                "5/12/1981"
            ],
            "anniversary": "1/24/2004"
        },
        "hobbies": [
            "1ij4pmmSnv",
            "hiiFVpNnlN",
            "LLkZVfED6u",
            "e7EmGLwcBz",
            "BopX8NYTNm"
        ],
        "passion_projects": [
            "7VF9TcPWL1",
            "vkGm0sBFx8",
            "z3DOUu06X2"
        ]
    },
    "financial_details": {
        "net_worth": 856084,
        "assets": {
            "real_estate": [
                {
                    "type": "Primary Residence",
                    "value": 1480367,
                    "mortgage_balance": 577540
                }
            ],
            "investments": {
                "stocks": 447205,
                "bonds": 174981,
                "mutual_funds": 292299
            },
            "savings": 134681,
            "business_interests": [
                {
                    "name": "5srmVMVbtq",
                    "value": 823760
                }
            ],
            "collectibles": [
                {
                    "type": "Photography Equipment",
                    "value": 45082
                }
            ]
        },
        "liabilities": {
            "total_liabilities": 24200,
            "details": [
                {
                    "type": "Mortgage",
                    "balance": 4852
                }
            ]
        },
        "income": {
            "primary_income": 161918,
            "rental_income": 22738,
            "dividends": 14661,
            "total_income": 270257
        },
        "expenses": {
            "monthly_living_expenses": 6052,
            "discretionary_spending": 1036,
            "upcoming_major_expenses": [
                {
                    "type": "College Tuition",
                    "amount": 12738,
                    "due_date": "3/22/2027"
                }
            ]
        }
    },
    "investment_preferences": {
        "risk_tolerance": "Low",
        "portfolio_objectives": "Growth",
        "ethical_preferences": [
            "ESG Investing"
        ],
        "experience": "10 years in stocks"
    },
    "tax_and_estate_planning": {
        "tax_bracket": "22%",
        "strategies": [
            "Tax-efficient Investments"
        ],
        "estate_plan": {
            "wills": true,
            "trusts": [
                "Charitable Trust"
            ],
            "charitable_goals": [
                {
                    "organization": "AVHmmqcCis",
                    "goal": "Leave $12520 as a bequest"
                }
            ]
        }
    },
    "short_and_long_term_goals": {
        "short_term": [
            "Save $18846 for a vacation"
        ],
        "long_term": [
            "Retire at 60 with $155398 annual income"
        ]
    },
    "communication_preferences": {
        "meeting_frequency": "Quarterly",
        "preferred_style": "High-level Summaries",
        "preferred_mediums": [
            "Email"
        ]
    },
    "feedback_and_concerns": {
        "portfolio_performance": "Satisfied",
        "market_concerns": "Recession",
        "life_changes": "Marriage"
    },
    "meeting_notes": [
        {
            "date": "10/10/2024",
            "summary": [
                "2KEdsG6SOp"
            ]
        }
    ]
}