{
    "personal_details": {
        "first_name": "7jdLadimGK",
        "last_name": "iBVj4UezbY",
        "age": 38,
        "marital_status": "Single",
        "spouse_name": null,
        "children": [
            {
                "name": "QxpK8Z8hYy",
                "age": 2
            }
        ],
        "important_dates": {
            "birthdays": [
                "6/24/1989"
            ],
            "anniversary": "4/28/2004"
        },
        "hobbies": [
            "nq2j4csD93",
            "vXG5HjFoW4",
            "SkUKHlab5P",
            "hwKyGaHVuV",
            "B1WgslQsRz"
        ],
        "passion_projects": [
            "Uy71YPO9XS",
            "GpHa7jTOge"
        ]
    },
    "financial_details": {
        "net_worth": 2553841,
        "assets": {
            "real_estate": [
                {
                    "type": "Vacation Home",
                    "value": 1499981,
                    "mortgage_balance": 598881
                }
            ],
            "investments": {
                "stocks": 484543,
                "bonds": 20166,
                "mutual_funds": 101196
            },
            "savings": 194533,
            "business_interests": [
                {
                    "name": "HwiA9HFG1s",
                    "value": 863671
                }
            ],
            "collectibles": [
                {
                    "type": "Photography Equipment",
                    "value": 31646
                }
            ]
        },
        "liabilities": {
            "total_liabilities": 154573,
            "details": [
                {
                    "type": "Car Loan",
                    "balance": 92233
                }
            ]
        },
        "income": {
            "primary_income": 70546,
            "rental_income": 48780,
            "dividends": 19848,
            "total_income": 71259
        },
        "expenses": {
            "monthly_living_expenses": 1429,
            "discretionary_spending": 2116,
            "upcoming_major_expenses": [
                {
                    "type": "College Tuition",
                    "amount": 19633,
                    "due_date": "12/25/2027"
                }
            ]
        }
    },
    "investment_preferences": {
        "risk_tolerance": "High",
        "portfolio_objectives": "Growth",
        "ethical_preferences": [
            "ESG Investing"
        ],
        "experience": "13 years in stocks"
    },
    "tax_and_estate_planning": {
        "tax_bracket": "33%",
        "strategies": [
            "Charitable Contributions"
        ],
        "estate_plan": {
            "wills": true,
            "trusts": [
                "Family Trust"
            ],
            "charitable_goals": [
                {
                    "organization": "FI2yAUDThB",
                    "goal": "Leave $1499 as a bequest"
                }
            ]
        }
    },
    "short_and_long_term_goals": {
        "short_term": [
            "Save $16590 for a vacation"
        ],
        "long_term": [
            "Retire at 60 with $152926 annual income"
        ]
    },
    "communication_preferences": {
        "meeting_frequency": "Monthly",
        "preferred_style": "High-level Summaries",
        "preferred_mediums": [
            "In-person"
        ]
    },
    "feedback_and_concerns": {
        "portfolio_performance": "Concerned about returns",
        "market_concerns": "Recession",
        "life_changes": "Retirement"
    },
    "meeting_notes": [
        {
            "date": "3/22/2028",
            "summary": [
                "m1XARgezaj"
            ]
        }
    ]
}