{
    "personal_details": {
        "first_name": "Y8PLFYkh0W",
        "last_name": "nKgAkUkxQJ",
        "age": 70,
        "marital_status": "Single",
        "spouse_name": null,
        "children": [
            {
                "name": "f7cciTn6zV",
                "age": 2
            },
            {
                "name": "DuVnUdgwxR",
                "age": 9
            },
            {
                "name": "uP8UPEBuMo",
                "age": 13
            }
        ],
        "important_dates": {
            "birthdays": [
                "8/6/1980"
            ],
            "anniversary": null
        },
        "hobbies": [
            "WlGQ01r2qb",
            "uWqeZIV6Tq",
            "amiwrb6KcQ",
            "Q8lycI3W1u",
            "6BmYX2IVfM"
        ],
        "passion_projects": [
            "Es49HYpz6p"
        ]
    },
    "financial_details": {
        "net_worth": 4916431,
        "assets": {
            "real_estate": [
                {
                    "type": "Rental Property",
                    "value": 1797485,
                    "mortgage_balance": 631384
                }
            ],
            "investments": {
                "stocks": 337116,
                "bonds": 117094,
                "mutual_funds": 287908
            },
            "savings": 163357,
            "business_interests": [
                {
                    "name": "c1uX6wsPkA",
                    "value": 66344
                }
            ],
            "collectibles": [
                {
                    "type": "Art",
                    "value": 40863
                }
            ]
        },
        "liabilities": {
            "total_liabilities": 47556,
            "details": [
                {
                    "type": "Student Loan",
                    "balance": 8172
                }
            ]
        },
        "income": {
            "primary_income": 199904,
            "rental_income": 31251,
            "dividends": 3952,
            "total_income": 145309
        },
        "expenses": {
            "monthly_living_expenses": 8148,
            "discretionary_spending": 3425,
            "upcoming_major_expenses": [
                {
                    "type": "College Tuition",
                    "amount": 40015,
                    "due_date": "4/22/2025"
                }
            ]
        }
    },
    "investment_preferences": {
        "risk_tolerance": "Moderate",
        "portfolio_objectives": "Growth",
        "ethical_preferences": [
            "ESG Investing"
        ],
        "experience": "3 years in stocks"
    },
    "tax_and_estate_planning": {
        "tax_bracket": "20%",
        "strategies": [
            "Charitable Contributions"
        ],
        "estate_plan": {
            "wills": false,
            "trusts": [
                "Family Trust"
            ],
            "charitable_goals": [
                {
                    "organization": "IKkB5YXhPW",
                    "goal": "Leave $18933 as a bequest"
                }
            ]
        }
    },
    "short_and_long_term_goals": {
        "short_term": [
            "Save $15329 for a vacation"
        ],
        "long_term": [
            "Retire at 60 with $136439 annual income"
        ]
    },
    "communication_preferences": {
        "meeting_frequency": "Quarterly",
        "preferred_style": "Detailed Analysis",
        "preferred_mediums": [
            "In-person"
        ]
    },
    "feedback_and_concerns": {
        "portfolio_performance": "Satisfied",
        "market_concerns": "Interest Rates",
        "life_changes": "New Job"
    },
    "meeting_notes": [
        {
            "date": "1/2/2027",
            "summary": [
                "g41N4O1FeJ"
            ]
        }
    ]
}