{
    "personal_details": {
        "first_name": "3bGg5pI7Zp",
        "last_name": "JPlgPfv3mA",
        "age": 37,
        "marital_status": "Divorced",
        "spouse_name": null,
        "children": [
            {
                "name": "FXx444DPG5",
                "age": 2
            }
        ],
        "important_dates": {
            "birthdays": [
                "11/28/1986"
            ],
            "anniversary": "4/27/2009"
        },
        "hobbies": [
            "tNt3bwU2Hf",
            "fk2Yr4EG0j",
            "M7Hw5IqSDc",
            "fT9WZ0RL5T"
        ],
        "passion_projects": [
            "XNtYQokDsk"
        ]
    },
    "financial_details": {
        "net_worth": 2981911,
        "assets": {
            "real_estate": [
                {
                    "type": "Vacation Home",
                    "value": 1652550,
                    "mortgage_balance": 326357
                }
            ],
            "investments": {
                "stocks": 245766,
                "bonds": 63561,
                "mutual_funds": 316539
            },
            "savings": 112168,
            "business_interests": [
                {
                    "name": "jcie3VGexC",
                    "value": 359997
                }
            ],
            "collectibles": [
                {
                    "type": "Photography Equipment",
                    "value": 13358
                }
            ]
        },
        "liabilities": {
            "total_liabilities": 435641,
            "details": [
                {
                    "type": "Mortgage",
                    "balance": 66729
                }
            ]
        },
        "income": {
            "primary_income": 60871,
            "rental_income": 4659,
            "dividends": 1656,
            "total_income": 144706
        },
        "expenses": {
            "monthly_living_expenses": 5593,
            "discretionary_spending": 1399,
            "upcoming_major_expenses": [
                {
                    "type": "College Tuition",
                    "amount": 24106,
                    "due_date": "1/20/2028"
                }
            ]
        }
    },
    "investment_preferences": {
        "risk_tolerance": "Low",
        "portfolio_objectives": "Growth",
        "ethical_preferences": [
            "ESG Investing"
        ],
        "experience": "19 years in stocks"
    },
    "tax_and_estate_planning": {
        "tax_bracket": "14%",
        "strategies": [
            "Charitable Contributions"
        ],
        "estate_plan": {
            "wills": true,
            "trusts": [
                "Family Trust"
            ],
            "charitable_goals": [
                {
                    "organization": "OOaG3o4mDg",
                    "goal": "Leave $77880 as a bequest"
                }
            ]
        }
    },
    "short_and_long_term_goals": {
        "short_term": [
            "Save $9125 for a vacation"
        ],
        "long_term": [
            "Retire at 60 with $131263 annual income"
        ]
    },
    "communication_preferences": {
        "meeting_frequency": "Annually",
        "preferred_style": "High-level Summaries",
        "preferred_mediums": [
            "In-person"
        ]
    },
    "feedback_and_concerns": {
        "portfolio_performance": "Satisfied",
        "market_concerns": "Recession",
        "life_changes": "New Job"
    },
    "meeting_notes": [
        {
            "date": "12/17/2027",
            "summary": [
                "IqEhGOgXb3"
            ]
        }
    ]
}