{
    "personal_details": {
        "first_name": "If7uTeoPwF",
        "last_name": "Z8aKeZb3gD",
        "age": 72,
        "marital_status": "Married",
        "spouse_name": null,
        "children": [
            {
                "name": "VbEZgxvZDG",
                "age": 17
            },
            {
                "name": "GvAZpOXbOy",
                "age": 2
            }
        ],
        "important_dates": {
            "birthdays": [
                "7/13/1984"
            ],
            "anniversary": "9/13/2007"
        },
        "hobbies": [
            "8vBUGZLdw7",
            "dL5Ex7ZEtR",
            "ZjV22HK0h4",
            "TIZiPT3pgh",
            "6wRyGecTqN"
        ],
        "passion_projects": [
            "b8SJWPgvCQ",
            "au40RwUcb7",
            "egDg2fDrqb"
        ]
    },
    "financial_details": {
        "net_worth": 2047682,
        "assets": {
            "real_estate": [
                {
                    "type": "Rental Property",
                    "value": 493395,
                    "mortgage_balance": 142023
                }
            ],
            "investments": {
                "stocks": 190661,
                "bonds": 258150,
                "mutual_funds": 104099
            },
            "savings": 111150,
            "business_interests": [
                {
                    "name": "AjcQVomDgh",
                    "value": 543196
                }
            ],
            "collectibles": [
                {
                    "type": "Photography Equipment",
                    "value": 14341
                }
            ]
        },
        "liabilities": {
            "total_liabilities": 255515,
            "details": [
                {
                    "type": "Car Loan",
                    "balance": 94124
                }
            ]
        },
        "income": {
            "primary_income": 98342,
            "rental_income": 17010,
            "dividends": 16557,
            "total_income": 245892
        },
        "expenses": {
            "monthly_living_expenses": 9547,
            "discretionary_spending": 1756,
            "upcoming_major_expenses": [
                {
                    "type": "College Tuition",
                    "amount": 31870,
                    "due_date": "8/7/2026"
                }
            ]
        }
    },
    "investment_preferences": {
        "risk_tolerance": "High",
        "portfolio_objectives": "Income Generation",
        "ethical_preferences": [
            "ESG Investing"
        ],
        "experience": "7 years in stocks"
    },
    "tax_and_estate_planning": {
        "tax_bracket": "17%",
        "strategies": [
            "Charitable Contributions"
        ],
        "estate_plan": {
            "wills": false,
            "trusts": [
                "Family Trust"
            ],
            "charitable_goals": [
                {
                    "organization": "twn19vKrlO",
                    "goal": "Leave $29621 as a bequest"
                }
            ]
        }
    },
    "short_and_long_term_goals": {
        "short_term": [
            "Save $11715 for a vacation"
        ],
        "long_term": [
            "Retire at 60 with $110897 annual income"
        ]
    },
    "communication_preferences": {
        "meeting_frequency": "Quarterly",
        "preferred_style": "Detailed Analysis",
        "preferred_mediums": [
            "In-person"
        ]
    },
    "feedback_and_concerns": {
        "portfolio_performance": "Satisfied",
        "market_concerns": "Recession",
        "life_changes": "Marriage"
    },
    "meeting_notes": [
        {
            "date": "1/4/2025",
            "summary": [
                "5vJFnI23oV"
            ]
        }
    ]
}