{
    "personal_details": {
        "first_name": "8HjsQjjk0d",
        "last_name": "n9zNW1SVnP",
        "age": 58,
        "marital_status": "Divorced",
        "spouse_name": null,
        "children": [
            {
                "name": "2uD4tEbSQr",
                "age": 3
            },
            {
                "name": "BIKYAysDGC",
                "age": 3
            }
        ],
        "important_dates": {
            "birthdays": [
                "8/21/1985"
            ],
            "anniversary": "3/15/2002"
        },
        "hobbies": [
            "xbY9yTvCao",
            "XMXH01iSaJ",
            "HlEOkSSOyh",
            "1rsrTP4DQc"
        ],
        "passion_projects": [
            "B36YkbIsF2",
            "vyXyRZuLBQ"
        ]
    },
    "financial_details": {
        "net_worth": 4119103,
        "assets": {
            "real_estate": [
                {
                    "type": "Rental Property",
                    "value": 581797,
                    "mortgage_balance": 730528
                }
            ],
            "investments": {
                "stocks": 281098,
                "bonds": 145061,
                "mutual_funds": 193429
            },
            "savings": 90307,
            "business_interests": [
                {
                    "name": "gE1K87OkF8",
                    "value": 25980
                }
            ],
            "collectibles": [
                {
                    "type": "Art",
                    "value": 8171
                }
            ]
        },
        "liabilities": {
            "total_liabilities": 18833,
            "details": [
                {
                    "type": "Mortgage",
                    "balance": 97840
                }
            ]
        },
        "income": {
            "primary_income": 180502,
            "rental_income": 41012,
            "dividends": 11108,
            "total_income": 71876
        },
        "expenses": {
            "monthly_living_expenses": 1910,
            "discretionary_spending": 3726,
            "upcoming_major_expenses": [
                {
                    "type": "College Tuition",
                    "amount": 14866,
                    "due_date": "3/2/2024"
                }
            ]
        }
    },
    "investment_preferences": {
        "risk_tolerance": "High",
        "portfolio_objectives": "Income Generation",
        "ethical_preferences": [
            "ESG Investing"
        ],
        "experience": "1 years in stocks"
    },
    "tax_and_estate_planning": {
        "tax_bracket": "24%",
        "strategies": [
            "Tax-efficient Investments"
        ],
        "estate_plan": {
            "wills": false,
            "trusts": [
                "Charitable Trust"
            ],
            "charitable_goals": [
                {
                    "organization": "pCETUqfCBi",
                    "goal": "Leave $49383 as a bequest"
                }
            ]
        }
    },
    "short_and_long_term_goals": {
        "short_term": [
            "Save $9837 for a vacation"
        ],
        "long_term": [
            "Retire at 60 with $100894 annual income"
        ]
    },
    "communication_preferences": {
        "meeting_frequency": "Annually",
        "preferred_style": "Detailed Analysis",
        "preferred_mediums": [
            "Phone"
        ]
    },
    "feedback_and_concerns": {
        "portfolio_performance": "Satisfied",
        "market_concerns": "Recession",
        "life_changes": "Marriage"
    },
    "meeting_notes": [
        {
            "date": "11/7/2023",
            "summary": [
                "OSWogji3KV"
            ]
        }
    ]
}